t,x,y,z,dx,dy,dz,ddx,ddy,ddz,speed_set,steering_set,q0,q1,q2,q3
0.0,0.5141570552417475,0.3477212066428791,0.25373742652605735,-1.4717071405566048e-12,-0.009809999998882143,-3.3055675405404972e-12,-1.4717071405566048e-09,-9.809999998882143,-3.305567540540497e-09,0.0,0.0,1.0,8.164901977869952e-17,1.168988390664416e-15,1.6966239312615156e-15
0.001,0.5141570552417474,0.3477015866428791,0.25373742652605735,-1.2474622733578386e-13,-0.019620000000001383,2.9350925900356814e-15,1.3469609132208209e-09,-9.810000001119239,3.308502633130533e-09,0.0,0.0,1.0,3.983743202852997e-17,1.5888606752217327e-15,1.6465613089852587e-15
0.002,0.5141570552417475,0.34767215664287915,0.25373742652605735,1.5458467468638938e-13,-0.02942999999995711,1.7201309257261882e-14,2.7933090202217327e-10,-9.809999999955725,1.4266216667226201e-11,0.0,0.0,1.0,1.6171204599439613e-17,9.631607520332674e-16,1.6506824185639746e-15
0.003,0.5141570552417476,0.34763291664287915,0.2537374265260574,5.890944514339073e-14,-0.039240000000012876,4.355905675005161e-14,-9.567522954299865e-11,-9.810000000055767,2.6357747492789727e-11,0.0,0.0,1.0,3.331190838722625e-17,1.0269735152875336e-15,1.6757594246377676e-15
0.004,0.5141570552417476,0.34758386664287916,0.2537374265260574,-2.8040819171988133e-14,-0.04905000000000417,-1.2302096452070092e-14,-8.695026431537887e-11,-9.809999999991291,-5.58611532021217e-11,0.0,0.0,1.0,5.388367920834468e-17,1.1143986552179827e-15,1.6384575787787349e-15
0.005,0.5141570552417475,0.3475250066428791,0.2537374265260574,-1.1118451023730061e-13,-0.0588600000000342,5.662302886943655e-15,-8.314369106531248e-11,-9.810000000030032,1.7964399339013746e-11,0.0,0.0,1.0,6.599147393233546e-17,1.1365895277015438e-15,1.6370810579959107e-15
0.006,0.5141570552417474,0.34745633664287906,0.2537374265260574,-9.469463116561164e-14,-0.06867000000002241,-4.738022977394279e-17,1.648987907168897e-11,-9.80999999998821,-5.709683116717597e-12,0.0,0.0,1.0,9.047034828896954e-17,1.2044422390877191e-15,1.6413396691094443e-15
0.007,0.5141570552417475,0.3473778566428791,0.2537374265260574,1.0310967904185141e-13,-0.07847999999991483,-9.392848683371411e-15,1.9780431020746307e-10,-9.809999999892419,-9.345468453597468e-12,0.0,0.0,1.0,1.709440678044912e-17,1.1791604456064026e-15,1.6369798155691965e-15
0.008,0.5141570552417476,0.34728956664287913,0.25373742652605735,6.147737932377739e-14,-0.08828999999997895,-3.932374353623174e-14,-4.163229971807402e-11,-9.810000000064129,-2.9930894852860324e-11,0.0,0.0,1.0,3.4370154714357e-17,1.1563325402879793e-15,1.6687148214146197e-15
0.009000000000000001,0.5141570552417476,0.34719146664287914,0.25373742652605735,4.3735755333009685e-14,-0.09809999999997222,-1.8142431245594207e-14,-1.7741623990767703e-11,-9.809999999993268,2.1181312290637533e-11,0.0,0.0,1.0,-9.666067142352507e-19,1.2200029112782223e-15,1.681336513547068e-15
0.010000000000000002,0.5141570552417476,0.3470835566428791,0.25373742652605735,-8.209021276058914e-15,-0.10791000000001728,6.9615986328852245e-15,-5.19447766090686e-11,-9.810000000045061,2.5104029878479432e-11,0.0,0.0,1.0,5.836044381832668e-17,1.1654564989630156e-15,1.608854192472053e-15
0.011000000000000003,0.5141570552417476,0.34696583664287906,0.25373742652605735,-1.932266387737604e-14,-0.11772000000002125,1.4722106054782798e-14,-1.1113642601317127e-11,-9.810000000003969,7.760507421897574e-12,0.0,0.0,1.0,4.362479021212662e-17,1.108787439369613e-15,1.5934604917476213e-15
0.012000000000000004,0.5141570552417475,0.34683830664287907,0.25373742652605735,-8.398073786928305e-14,-0.12752999999996498,2.1981359910932813e-15,-6.4658073991907e-11,-9.809999999943726,-1.2523970063689516e-11,0.0,0.0,1.0,4.6696797614150974e-17,9.554165959465028e-16,1.6060733342980135e-15
0.013000000000000005,0.5141570552417475,0.3467009666428791,0.25373742652605735,3.8372216457355095e-14,-0.13733999999996155,1.8062785809396227e-14,1.2235295432663812e-10,-9.809999999996572,1.5864649818302948e-11,0.0,0.0,1.0,3.845351798183148e-17,1.1688519080153972e-15,1.6167176365960147e-15
0.014000000000000005,0.5141570552417475,0.3465538166428791,0.25373742652605735,2.9732704490905367e-14,-0.147150000000008,1.504426436806669e-14,-8.639511966449729e-12,-9.810000000046449,-3.0185214413295372e-12,0.0,0.0,1.0,4.1372996478589985e-17,1.0601185538587624e-15,1.4554698875526426e-15
0.015000000000000006,0.5141570552417476,0.3463968566428791,0.25373742652605735,8.423468136345708e-14,-0.15695999999999735,-7.073309482431549e-15,5.450197687255171e-11,-9.809999999989355,-2.2117573850498238e-11,0.0,0.0,1.0,2.735630532585476e-17,1.159061985136163e-15,1.6432417060033892e-15
0.016000000000000007,0.5141570552417475,0.34623008664287913,0.25373742652605735,-7.953924394526154e-14,-0.16677000000000375,-1.0871574868153912e-15,-1.6377392530871862e-10,-9.810000000006397,5.986151995616158e-12,0.0,0.0,1.0,5.2278798142893655e-17,1.1552468183763383e-15,1.7302893593085513e-15
0.017000000000000008,0.5141570552417475,0.3460535066428791,0.25373742652605735,1.588245524777235e-14,-0.17658000000002735,9.82586830417663e-15,9.542169919303389e-11,-9.810000000023605,1.0913025790992022e-11,0.0,0.0,1.0,1.0119218399306402e-16,1.1383601005626586e-15,1.6870930287186333e-15
0.01800000000000001,0.5141570552417475,0.34586711664287895,0.25373742652605735,1.1550407000182132e-14,-0.18639000000014225,2.23344514980033e-14,-4.332048247590219e-12,-9.810000000114893,1.2508583193826669e-11,0.0,0.0,1.0,5.3219432131867855e-17,1.1045350177700528e-15,1.4299977039236458e-15
0.01900000000000001,0.5141570552417476,0.3456709166428792,0.2537374265260574,9.14833909263515e-14,-0.1961999999997687,4.034721376626214e-14,7.993298392616937e-11,-9.80999999962645,1.801276226825884e-11,0.0,0.0,1.0,5.624333008497997e-17,1.024906426768505e-15,1.767824858317801e-15
0.02000000000000001,0.5141570552417476,0.3454649066428791,0.25373742652605735,-1.1330579531013898e-14,-0.20601000000007424,-6.022202200598913e-14,-1.028139704573654e-10,-9.810000000305546,-1.0056923577225127e-10,0.0,0.0,1.0,3.942007456443769e-17,1.115059023403115e-15,1.6213726605832168e-15
0.02100000000000001,0.5141570552417475,0.3452490866428791,0.2537374265260574,-6.805993651469191e-14,-0.2158199999999969,4.669561866065277e-14,-5.672935698367801e-11,-9.809999999922658,1.069176406666419e-10,0.0,0.0,1.0,4.0818946871190605e-17,1.2070124259280795e-15,1.6271315313579215e-15
0.022000000000000013,0.5141570552417475,0.34502345664287914,0.25373742652605746,-2.7706764303860914e-14,-0.22563000000000127,5.053482991338816e-14,4.035317221083099e-11,-9.81000000000437,3.839211252735392e-12,0.0,0.0,1.0,9.126038220985983e-17,1.0699227216978296e-15,1.6485673284874882e-15
0.023000000000000013,0.5141570552417476,0.3447880166428791,0.25373742652605735,5.619585299298922e-14,-0.23544000000001636,-9.032672381540588e-14,8.390261729685013e-11,-9.810000000015084,-1.4086155372879405e-10,0.0,0.0,1.0,5.950284906452937e-17,1.1727926606037115e-15,1.5867987759952195e-15
0.024000000000000014,0.5141570552417476,0.3445427666428791,0.2537374265260574,-2.247776519486464e-14,-0.2452500000000237,3.7377025092736e-14,-7.867361818785386e-11,-9.81000000000734,1.2770374890814187e-10,0.0,0.0,1.0,6.982931047488614e-17,1.1794430092491679e-15,1.6107634144503315e-15
0.025000000000000015,0.5141570552417476,0.3442877066428791,0.2537374265260574,9.428440627331342e-15,-0.25505999999998136,-6.719719434176574e-15,3.190620582219598e-11,-9.809999999957657,-4.409674452691257e-11,0.0,0.0,1.0,9.782198786548948e-17,1.1401076563533547e-15,1.6151640657364132e-15
0.026000000000000016,0.5141570552417476,0.3440228366428791,0.2537374265260574,-1.977979489056658e-14,-0.2648700000000008,-3.064935401014415e-15,-2.920823551789792e-11,-9.81000000001947,3.654784033162159e-12,0.0,0.0,1.0,4.001399943952282e-17,1.1816617582831468e-15,1.6537491992436672e-15
0.027000000000000017,0.5141570552417475,0.3437481566428791,0.2537374265260574,-1.0285000593016501e-13,-0.2746799999999861,1.2596014467338403e-14,-8.307021103959843e-11,-9.809999999985274,1.566094986835282e-11,0.0,0.0,1.0,3.070425223893904e-17,1.1470740959010564e-15,1.6566727372083402e-15
0.028000000000000018,0.5141570552417475,0.34346366664287914,0.25373742652605735,-5.381116985572476e-15,-0.28448999999998226,-5.2047791307845606e-14,9.746888894459253e-11,-9.809999999996155,-6.4643805775184e-11,0.0,0.0,1.0,3.846837529503943e-17,1.204412142859862e-15,1.6763751554953279e-15
0.02900000000000002,0.5141570552417475,0.3431693666428791,0.2537374265260574,3.152321664763795e-14,-0.2942999999999988,4.8973707300090426e-14,3.6904333633210427e-11,-9.810000000016528,1.0102149860793603e-10,0.0,0.0,1.0,3.7316268001373166e-17,1.16075954441363e-15,1.6597718293871143e-15
0.03000000000000002,0.5141570552417475,0.3428652566428791,0.2537374265260574,2.4288358999280106e-14,-0.3041100000000042,2.158494694562215e-14,-7.234857648357843e-12,-9.810000000005425,-2.7388760354468277e-11,0.0,0.0,1.0,5.410138386996412e-17,1.12617373950643e-15,1.6695320162729842e-15
0.03100000000000002,0.5141570552417475,0.3425513366428791,0.2537374265260574,2.3997764087230215e-15,-0.3139199999999842,-1.1237822166677063e-14,-2.1888582590557085e-11,-9.80999999998,-3.2822769112299215e-11,0.0,0.0,1.0,4.5265288233112744e-17,1.1175340211881258e-15,1.6736029185201676e-15
0.03200000000000002,0.5141570552417476,0.3422276066428791,0.25373742652605735,5.808237823826629e-14,-0.32373000000000524,-5.2174772606156926e-14,5.568260182954327e-11,-9.810000000021024,-4.0936950439479864e-11,0.0,0.0,1.0,3.3590741375623945e-17,1.1059572409175076e-15,1.6529939015208826e-15
0.03300000000000002,0.5141570552417476,0.34189406664287914,0.2537374265260574,1.794425760634156e-14,-0.3335399999999885,4.936176750426172e-14,-4.013812063192473e-11,-9.809999999983276,1.0153654011041865e-10,0.0,0.0,1.0,6.059364909392859e-18,1.046919454219611e-15,1.5994990313373151e-15
0.03400000000000002,0.5141570552417476,0.3415507166428791,0.2537374265260574,-4.282023050679233e-14,-0.3433500000000446,2.1033852823674057e-14,-6.076448811313389e-11,-9.810000000056107,-2.8327914680587663e-11,0.0,0.0,1.0,4.8399851718339965e-18,1.024803867747375e-15,1.644144814522734e-15
0.035000000000000024,0.5141570552417475,0.3411975566428791,0.25373742652605746,-7.100181335464516e-14,-0.35316000000001485,5.754734701212586e-14,-2.818158284785283e-11,-9.80999999997023,3.65134941884518e-11,0.0,0.0,1.0,-1.8921678334304567e-17,1.076438114260045e-15,1.6601495692536367e-15
0.036000000000000025,0.5141570552417476,0.34083458664287913,0.25373742652605746,9.871500715728261e-14,-0.3629699999999588,7.62364057154386e-15,1.6971682051192777e-10,-9.809999999943974,-4.9923706440582e-11,0.0,0.0,1.0,1.5494415266633837e-17,1.2113990157858675e-15,1.6914948493414825e-15
0.037000000000000026,0.5141570552417476,0.3404618066428791,0.25373742652605746,-1.8870274195855655e-15,-0.3727800000000028,-9.34298609842367e-15,-1.0060203457686818e-10,-9.81000000004395,-1.696662666996753e-11,0.0,0.0,1.0,1.0680128470694213e-16,1.0027301030644828e-15,1.6727165517173077e-15
0.03800000000000003,0.5141570552417476,0.3400792166428791,0.2537374265260574,-1.3555922498785493e-14,-0.38259000000000587,-2.944934257272489e-14,-1.1668895079199927e-11,-9.810000000003093,-2.010635647430122e-11,0.0,0.0,1.0,5.22334370046344e-17,1.1043908767380483e-15,1.7047159028908182e-15
0.03900000000000003,0.5141570552417476,0.33968681664287914,0.2537374265260574,-7.915053547744065e-15,-0.392399999999963,9.349979196889449e-15,5.640868951041429e-12,-9.809999999957132,3.879932176961434e-11,0.0,0.0,1.0,1.0184397219803935e-16,1.1478014753607883e-15,1.6587858651468451e-15
0.04000000000000003,0.5141570552417476,0.3392846066428792,0.2537374265260574,-7.915169530936477e-15,-0.402209999999963,9.349644189720706e-15,-1.1598319241242755e-16,-9.809999999999985,-3.350071687431391e-16,0.0,0.0,1.0,1.5145436972811944e-16,1.1912089673149471e-15,1.6128562092727488e-15
0.04100000000000003,0.5141570552417476,0.33887258664287917,0.2537374265260575,-3.673408871152399e-14,-0.41202000000003725,8.564966907989777e-14,-2.8818919180587512e-11,-9.81000000007426,7.630002489017707e-11,0.0,0.0,1.0,2.476117005095035e-17,1.1861201789376893e-15,1.7281640188455986e-15
0.04200000000000003,0.5141570552417475,0.33845075664287916,0.25373742652605746,-7.685979756929237e-14,-0.4218300000000297,-7.441228146470692e-14,-4.012570885776838e-11,-9.809999999992435,-1.600619505446047e-10,0.0,0.0,1.0,1.099731016228836e-16,1.1417761569099708e-15,1.6584087634171953e-15
0.04300000000000003,0.5141570552417475,0.33801911664287915,0.25373742652605746,2.5887029703027988e-14,-0.4316400000000168,-2.4939625233037366e-14,1.0274682727232035e-10,-9.809999999987106,4.947265623166956e-11,0.0,0.0,1.0,5.1568760583393103e-17,1.1108159011932731e-15,1.690822784608e-15
0.04400000000000003,0.5141570552417475,0.33757766664287914,0.25373742652605746,1.1304860092162636e-14,-0.44145000000001217,9.967894524496521e-15,-1.4582169610865355e-11,-9.809999999995378,3.490751975753389e-11,0.0,0.0,1.0,6.114890639492711e-17,1.086416503177742e-15,1.7143979214127083e-15
0.04500000000000003,0.5141570552417475,0.33712640664287913,0.25373742652605746,-1.0903427072199696e-14,-0.4512600000000149,2.1660663267722093e-14,-2.2208287164362332e-11,-9.810000000002761,1.1692768743225573e-11,0.0,0.0,1.0,8.364722185767141e-17,1.0627549954747204e-15,1.7275540032944047e-15
0.046000000000000034,0.5141570552417475,0.3366653366428791,0.25373742652605746,-7.294527381475036e-15,-0.4610699999999872,-1.7273348288189205e-14,3.6088996907246593e-12,-9.809999999972286,-3.8934011555911297e-11,0.0,0.0,1.0,7.810636757692622e-17,1.016041581213655e-15,1.6764013953454362e-15
0.047000000000000035,0.5141570552417474,0.3361944566428791,0.25373742652605746,-6.710082170169038e-14,-0.47087999999998725,5.8706158299201695e-15,-5.980629432021535e-11,-9.810000000000041,2.3143964118109376e-11,0.0,0.0,1.0,9.691515619202165e-17,1.095262881066021e-15,1.6862513775613853e-15
0.048000000000000036,0.5141570552417475,0.3357137666428791,0.2537374265260574,1.0554879314011644e-13,-0.4806900000000046,-4.297727007963278e-14,1.7264961484180684e-10,-9.81000000001736,-4.884788590955295e-11,0.0,0.0,1.0,1.0318069714095651e-16,1.1102630177156677e-15,1.6794724528530646e-15
0.04900000000000004,0.5141570552417475,0.3352232666428791,0.25373742652605746,-1.583441455077846e-15,-0.4904999999999781,3.195477066020811e-14,-1.0713223459519429e-10,-9.809999999973506,7.493204073984088e-11,0.0,0.0,1.0,7.511763325723549e-17,1.0978814647406262e-15,1.6905320882512041e-15
0.05000000000000004,0.5141570552417475,0.33472295664287915,0.2537374265260574,-3.879063463813575e-14,-0.5003099999999748,-6.791561324657581e-14,-3.72071931830579e-11,-9.80999999999671,-9.987038390678392e-11,0.0,0.0,1.0,9.396380919533865e-17,9.172326746044241e-16,1.6233104308947393e-15
0.05100000000000004,0.5141570552417475,0.3342128366428791,0.2537374265260574,-2.963269334345027e-14,-0.5101200000000503,1.5609774914914137e-14,9.157941294685479e-12,-9.81000000007548,8.352538816148995e-11,0.0,0.0,1.0,6.618389842511825e-17,1.0901517599003e-15,1.6429905130601636e-15
0.05200000000000004,0.5141570552417475,0.3336929066428791,0.2537374265260574,5.530301235613877e-14,-0.5199299999999839,1.011780009732792e-14,8.493570569958904e-11,-9.809999999933595,-5.4919748175862165e-12,0.0,0.0,1.0,8.491790353224895e-17,1.1665178026248278e-15,1.640350081053959e-15
0.05300000000000004,0.5141570552417475,0.3331631666428791,0.2537374265260574,5.828099741181564e-15,-0.5297399999999878,-2.5261851248098256e-16,-4.94749126149572e-11,-9.810000000003871,-1.0370418609808903e-11,0.0,0.0,1.0,1.05202947404602e-16,1.0909114612136317e-15,1.6684827201347804e-15
0.05400000000000004,0.5141570552417475,0.3326236166428791,0.2537374265260574,7.176853485561447e-15,-0.5395499999999925,8.211905834896333e-15,1.3487537443798825e-12,-9.81000000000476,8.464524347377316e-12,0.0,0.0,1.0,9.513388721733919e-17,1.0523729388012403e-15,1.666424456561208e-15
0.05500000000000004,0.5141570552417475,0.3320742566428791,0.2537374265260574,1.1191710288572885e-14,-0.5493599999999975,7.241190271687196e-15,4.014856803011438e-12,-9.810000000004981,-9.707155632091367e-13,0.0,0.0,1.0,-9.367078577194033e-17,1.0769656383436588e-15,1.6602620496823881e-15
0.05600000000000004,0.5141570552417475,0.33151508664287915,0.2537374265260574,3.204576095092272e-14,-0.5591699999999586,-1.0652528617958857e-14,2.0854050662349837e-11,-9.809999999961128,-1.789371888964605e-11,0.0,0.0,1.0,1.1413377055252772e-16,8.750705940027502e-16,1.6903705737452603e-15
0.057000000000000044,0.5141570552417475,0.3309461066428791,0.2537374265260574,4.411230552616453e-14,-0.5689800000000275,-1.3170334985146063e-14,1.2066544575241805e-11,-9.810000000068818,-2.5178063671872065e-12,0.0,0.0,1.0,9.35274348746944e-17,1.1330420298029498e-15,1.694411724044525e-15
0.058000000000000045,0.5141570552417475,0.3303673166428791,0.2537374265260574,-6.1490584494167e-15,-0.5787899999999909,1.0267088087034605e-14,-5.026136397558123e-11,-9.809999999963459,2.343742307218067e-11,0.0,0.0,1.0,9.341236876563005e-17,1.2631133144031555e-15,1.6874968637406331e-15
0.059000000000000045,0.5141570552417475,0.3297787166428791,0.2537374265260574,-4.57970195086087e-15,-0.5886000000000059,1.2745799126282884e-14,1.5693564985558298e-12,-9.810000000014973,2.4787110392482796e-12,0.0,0.0,1.0,1.2390532859548784e-16,9.130391969740969e-16,1.6772927628731955e-15
0.060000000000000046,0.5141570552417475,0.3291803066428791,0.2537374265260574,3.964744748272556e-14,-0.5984099999999664,-5.411403815493385e-16,4.422714943358643e-11,-9.80999999996046,-1.3286939507832222e-11,0.0,0.0,1.0,1.341563230995713e-16,1.2289743846965977e-15,1.795300309119533e-15
0.06100000000000005,0.5141570552417475,0.3285720866428793,0.2537374265260574,5.424432328082656e-14,-0.6082199999998337,-8.342836055324014e-15,1.4596875798101e-11,-9.809999999867314,-7.801695673774676e-12,0.0,0.0,1.0,1.2412991370882212e-16,1.1874965300421807e-15,1.656436468980497e-15
0.06200000000000005,0.5141570552417475,0.32795405664287924,0.2537374265260574,2.844441805358334e-14,-0.6180300000000493,2.2211950960116716e-14,-2.5799905227243217e-11,-9.810000000215592,3.055478701544073e-11,0.0,0.0,1.0,1.0770965043552665e-16,1.312262588422294e-15,1.687856856290733e-15
0.06300000000000004,0.5141570552417475,0.32732621664287914,0.2537374265260574,3.3386014020473587e-15,-0.6278400000001059,-1.2005363933402211e-14,-2.5105816651535982e-11,-9.810000000056608,-3.421731489351893e-11,0.0,0.0,1.0,1.0863248337549851e-16,1.2684574007271942e-15,1.7326740282265013e-15
0.06400000000000004,0.5141570552417474,0.32668856664287915,0.25373742652605746,-6.437094223896225e-14,-0.6376499999999837,3.6109195925777115e-14,-6.770954364100961e-11,-9.80999999987786,4.811455985917932e-11,0.0,0.0,1.0,9.627213086653794e-17,1.213239898732653e-15,1.7344730318766514e-15
0.06500000000000004,0.5141570552417475,0.32604110664287916,0.2537374265260574,7.079544367733855e-14,-0.6474600000000043,-3.5603540296663186e-14,1.351663859163008e-10,-9.810000000020525,-7.17127362224403e-11,0.0,0.0,1.0,7.596373840815411e-17,1.2280526946567836e-15,1.7620498231876993e-15
0.06600000000000004,0.5141570552417475,0.3253838366428791,0.25373742652605746,-1.4549646639676704e-15,-0.6572700000000196,3.457706011615634e-14,-7.225040834130622e-11,-9.810000000015307,7.018060041281952e-11,0.0,0.0,1.0,1.2328247358381262e-16,1.1776070161167284e-15,1.7351888081760087e-15
0.06700000000000005,0.5141570552417475,0.3247167566428791,0.2537374265260575,-1.4543237721730661e-15,-0.6670800000000197,3.457651463583542e-14,6.408917946043095e-16,-9.810000000000096,-5.454803209176924e-16,0.0,0.0,1.0,1.7060204905372696e-16,1.1271645562173168e-15,1.7083289987163861e-15
0.06800000000000005,0.5141570552417475,0.32403986664287915,0.25373742652605746,1.8696329087109372e-14,-0.6768899999999238,-4.887388558387704e-14,2.015065285928244e-11,-9.809999999904173,-8.345040021971246e-11,0.0,0.0,1.0,1.2195452421658072e-16,1.2617935239800288e-15,1.7080001142230816e-15
0.06900000000000005,0.5141570552417475,0.3233531666428791,0.2537374265260575,-5.488888539631368e-15,-0.6867000000000137,3.002892636428364e-14,-2.418521762674074e-11,-9.810000000089914,7.890281194816067e-11,0.0,0.0,1.0,1.1545826755915954e-16,1.2301725619619809e-15,1.7154012022782985e-15
0.07000000000000005,0.5141570552417475,0.3226566566428791,0.25373742652605746,-4.804239886170118e-15,-0.6965099999999721,-7.220375820396388e-14,6.846486534612496e-13,-9.809999999958352,-1.0223268456824752e-10,0.0,0.0,1.0,1.0337682163971984e-16,1.1871045712994212e-15,1.7192530474257675e-15
0.07100000000000005,0.5141570552417476,0.3219503366428791,0.2537374265260574,7.459819872826118e-14,-0.7063200000000317,-5.926245054469699e-14,7.94024386144313e-11,-9.810000000059604,1.294130765926689e-11,0.0,0.0,1.0,1.6382896447486607e-16,8.558843052136757e-16,1.9788934275152533e-15
0.07200000000000005,0.5141570552417475,0.3212342066428791,0.2537374265260574,-9.459184230079188e-14,-0.7161299999999727,1.3414851090231583e-14,-1.6919004102905307e-10,-9.809999999941033,7.267730163492857e-11,0.0,0.0,1.0,1.0580131311633069e-16,1.269360103444659e-15,1.836586866234352e-15
0.07300000000000005,0.5141570552417475,0.3205082666428791,0.25373742652605746,-1.0785987870984227e-14,-0.7259399999999655,4.012945453363152e-14,8.380585442980766e-11,-9.809999999992769,2.671460344339994e-11,0.0,0.0,1.0,1.2611598946947366e-16,1.2438042613372441e-15,1.7672308763241896e-15
0.07400000000000005,0.5141570552417475,0.31977251664287915,0.2537374265260574,-2.2621755347170154e-14,-0.7357499999999813,-4.892460940977128e-14,-1.1835767476185927e-11,-9.810000000015751,-8.90540639434028e-11,0.0,0.0,1.0,1.5117402256309092e-16,1.2734312765137176e-15,1.735649216982497e-15
0.07500000000000005,0.5141570552417475,0.3190269566428791,0.2537374265260574,9.008211390055024e-15,-0.7455600000000082,-1.487374989777092e-14,3.1629966737225184e-11,-9.810000000026964,3.405085951200036e-11,0.0,0.0,1.0,-3.130792159902161e-17,1.2030480684428983e-15,1.6792726075834766e-15
0.07600000000000005,0.5141570552417475,0.31827158664287913,0.2537374265260574,-4.345470522407892e-14,-0.7553699999999851,-5.849432993025677e-15,-5.246291661413394e-11,-9.809999999976892,9.024316904745242e-12,0.0,0.0,1.0,1.4512229457615074e-16,1.1926685109245461e-15,1.668775637839408e-15
0.07700000000000005,0.5141570552417475,0.31750640664287916,0.2537374265260574,5.549766311249344e-14,-0.7651799999999852,-1.783693641089374e-14,9.895236833657236e-11,-9.810000000000096,-1.1987503417868061e-11,0.0,0.0,1.0,1.3098608312245195e-16,1.125708180049614e-15,1.6769062332994202e-15
0.07800000000000006,0.5141570552417475,0.3167314166428791,0.25373742652605746,-4.223768106973794e-14,-0.7749900000000035,3.5522476228011225e-14,-9.773534418223138e-11,-9.810000000018304,5.335941263890497e-11,0.0,0.0,1.0,2.083771510654398e-16,1.0664814108488884e-15,1.6949519649689578e-15
0.07900000000000006,0.5141570552417475,0.3159466166428791,0.2537374265260574,-4.9282857135851746e-14,-0.7848000000000387,-3.340007925876456e-14,-7.0451760661138045e-12,-9.81000000003518,-6.892255548677578e-11,0.0,0.0,1.0,1.9587902976538667e-16,1.1578726057783806e-15,1.717974510945786e-15
0.08000000000000006,0.5141570552417475,0.3151520066428792,0.25373742652605746,1.2676164070645352e-14,-0.7946099999999394,3.819418552437225e-14,6.195902120649709e-11,-9.809999999900732,7.159426478313681e-11,0.0,0.0,1.0,1.8318845158515657e-18,1.124661329295721e-15,1.6723015350761855e-15
0.08100000000000006,0.5141570552417475,0.31434758664287915,0.2537374265260574,2.805947561969502e-14,-0.8044200000000129,-7.061369581457633e-14,1.5383311549049666e-11,-9.810000000073483,-1.0880788133894857e-10,0.0,0.0,1.0,1.1050844053526947e-16,1.1987703516207126e-15,1.6433981665801959e-15
0.08200000000000006,0.5141570552417474,0.3135333566428792,0.2537374265260574,-6.355416069391795e-14,-0.8142299999999876,1.4531618529792258e-14,-9.161363631361297e-11,-9.809999999974671,8.514531434436858e-11,0.0,0.0,1.0,1.121653592210271e-16,1.134396870771032e-15,1.7010684576359974e-15
0.08300000000000006,0.5141570552417475,0.31270931664287915,0.2537374265260574,1.1511798317260283e-13,-0.8240400000000098,7.0357264145587375e-15,1.7867214386652077e-10,-9.810000000022189,-7.49589211523352e-12,0.0,0.0,1.0,1.3953787474844052e-16,1.2715265804523837e-15,1.7037138755497831e-15
0.08400000000000006,0.5141570552417475,0.3118754666428792,0.2537374265260574,3.017960953859475e-14,-0.8338499999999707,1.857437379926907e-14,-8.493837363400808e-11,-9.809999999960905,1.1538647384710333e-11,0.0,0.0,1.0,9.686129231958438e-17,8.786757272519874e-16,1.6306906131252973e-15
0.08500000000000006,0.5141570552417475,0.3110318066428792,0.25373742652605746,2.5563358641934077e-14,-0.8436599999999937,5.4306266906558575e-14,-4.616250896660673e-12,-9.810000000023077,3.57318931072895e-11,0.0,0.0,1.0,1.1214013067177737e-16,1.378277656781824e-15,1.6273860739006424e-15
0.08600000000000006,0.5141570552417475,0.3101783366428792,0.25373742652605746,-1.4010456754607916e-14,-0.8534700000000321,1.800905584429593e-15,-3.957381539654199e-11,-9.8100000000384,-5.2505361322128984e-11,0.0,0.0,1.0,1.211158792640305e-16,1.3300526308182563e-15,1.6563944695658858e-15
0.08700000000000006,0.5141570552417474,0.30931505664287917,0.25373742652605746,-6.970283025234585e-14,-0.8632799999999982,-1.2049175502158674e-15,-5.569237349773794e-11,-9.809999999966013,-3.0058231346454603e-12,0.0,0.0,1.0,1.3914013938235098e-16,1.2156205030683586e-15,1.7762792588986353e-15
0.08800000000000006,0.5141570552417475,0.3084419666428792,0.25373742652605746,8.015457911327316e-14,-0.8730899999999775,9.363024732107745e-15,1.49857409365619e-10,-9.809999999979336,1.0567942282323612e-11,0.0,0.0,1.0,1.1510235419709804e-16,1.2476792864090479e-15,1.7387214041451693e-15
0.08900000000000007,0.5141570552417476,0.3075590666428795,0.2537374265260576,8.997444405718323e-14,-0.8828999999996806,1.0412101890112108e-13,9.819864943910066e-12,-9.809999999703113,9.475799416901334e-11,0.0,0.0,1.0,2.2250113498250786e-16,1.2992569393156388e-15,1.973798574866259e-15
0.09000000000000007,0.5141570552417475,0.30666635664287917,0.2537374265260575,-1.5799767286825595e-13,-0.8927100000003398,-6.487630708124494e-14,-2.479721169254392e-10,-9.810000000659237,-1.6899732598236601e-10,0.0,0.0,1.0,5.874616767519025e-17,1.3541612076687498e-15,1.6795505460155146e-15
0.09100000000000007,0.5141570552417475,0.3057638366428792,0.2537374265260575,-4.6853598435819e-14,-0.9025199999999737,-2.7389647061679726e-14,1.1114407443243696e-10,-9.809999999633835,3.748666001956521e-11,0.0,0.0,1.0,1.1917208083212417e-16,1.2100331571972187e-15,1.7274793290815854e-15
0.09200000000000007,0.5141570552417474,0.3048515066428792,0.25373742652605746,-6.114114242345347e-14,-0.9123300000000242,-3.886562989156082e-14,-1.4287543987634468e-11,-9.8100000000505,-1.1475982829881095e-11,0.0,0.0,1.0,1.0568267212985206e-16,1.1528276751966207e-15,1.7198236694250667e-15
0.09300000000000007,0.5141570552417474,0.3039293666428792,0.2537374265260574,5.2815802916233676e-14,-0.9221399999999981,-4.0794076832895065e-14,1.1395694533968716e-10,-9.809999999973895,-1.9284469413342444e-12,0.0,0.0,1.0,1.8089765213026745e-16,1.2336570404427302e-15,1.744052242838389e-15
0.09400000000000007,0.5141570552417475,0.3029974166428792,0.25373742652605746,7.347856403086009e-14,-0.9319499999999494,3.637717653770761e-14,2.0662761114626412e-11,-9.809999999951359,7.717125337060267e-11,0.0,0.0,1.0,3.3033611224763415e-16,1.1811982012350462e-15,1.6894164057137071e-15
0.09500000000000007,0.5141570552417475,0.3020556566428792,0.25373742652605746,1.4028531064011224e-14,-0.9417600000000014,1.2564282923952286e-14,-5.945003296684886e-11,-9.810000000051943,-2.3812893613755322e-11,0.0,0.0,1.0,6.065426691222651e-17,1.1509118960298173e-15,1.677968089206972e-15
0.09600000000000007,0.5141570552417475,0.3011040866428792,0.2537374265260574,-1.3040764665824545e-14,-0.951569999999996,-3.1632301004119945e-14,-2.706929572983577e-11,-9.809999999994655,-4.419658392807223e-11,0.0,0.0,1.0,1.8271759263128258e-16,1.1791251073290694e-15,1.7338220611914066e-15
0.09700000000000007,0.5141570552417475,0.3001427066428792,0.25373742652605746,-6.739838004739373e-16,-0.961379999999989,2.947061702709212e-14,1.2366780865350607e-11,-9.809999999992991,6.110291803121206e-11,0.0,0.0,1.0,1.1614898080080592e-16,1.2487168514303997e-15,1.7713199960932415e-15
0.09800000000000007,0.5141570552417475,0.29917151664287917,0.2537374265260574,-4.7013606773671326e-14,-0.9711899999999889,-5.996747198441705e-14,-4.633962297319739e-11,-9.809999999999874,-8.943808901150916e-11,0.0,0.0,1.0,1.3346904238235954e-16,1.1981237331434188e-15,1.7209445841328528e-15
0.09900000000000007,0.5141570552417476,0.2981905166428792,0.25373742652605763,1.2799383757785044e-13,-0.9809999999999617,2.3866226009670807e-13,1.7500744435152175e-10,-9.809999999972785,2.986297320811251e-10,0.0,0.0,1.0,3.664863555921225e-16,1.1517133057359265e-15,1.6937324093521308e-15
0.10000000000000007,0.5141570552417475,0.2971997066428792,0.2537374265260574,-6.217392627167711e-14,-0.9908100000000114,-2.0735589162824724e-13,-1.9016776384952755e-10,-9.810000000049723,-4.460181517249553e-10,0.0,0.0,1.0,1.257038359557224e-16,1.2160998476048986e-15,1.7461600662239502e-15
0.10100000000000008,0.5141570552417475,0.2961990866428792,0.25373742652605746,-3.191132808179769e-14,-1.0006199999999865,3.639884507763812e-14,3.026259818987942e-11,-9.809999999975116,2.437547367058854e-10,0.0,0.0,1.0,1.3996061136527252e-16,1.1759282633140166e-15,1.7160983062099591e-15
0.10200000000000008,0.5141570552417475,0.29518865664287924,0.2537374265260573,-4.250198391791855e-14,-1.0104299999999782,-1.5210783932317636e-13,-1.0590655836120859e-11,-9.809999999991659,-1.8850668440081448e-10,0.0,0.0,1.0,3.2842701200133324e-17,1.231363842974654e-15,1.705854217683591e-15
0.10300000000000008,0.5141570552417475,0.29416841664287924,0.25373742652605746,1.989633201714876e-14,-1.0202400000000116,1.7129899189993035e-13,6.239831593506731e-11,-9.810000000033403,3.234068312231067e-10,0.0,0.0,1.0,9.901175839831887e-17,1.169560328830942e-15,1.7002885185358248e-15
0.10400000000000008,0.5141570552417475,0.29313836664287923,0.2537374265260574,-9.91140811669071e-15,-1.0300500000000048,-5.467328905964964e-14,-2.980774013383947e-11,-9.809999999993213,-2.2597228095958e-10,0.0,0.0,1.0,2.807161225017134e-16,1.105652124584949e-15,1.799979956473245e-15
0.10500000000000008,0.5141570552417475,0.29209850664287923,0.2537374265260574,-3.835988751240886e-14,-1.0398600000000033,1.824925105385725e-14,-2.844847939571815e-11,-9.809999999998542,7.292254011350688e-11,0.0,0.0,1.0,1.1195084713265274e-16,9.781162863192706e-16,1.7484077360064336e-15
0.10600000000000008,0.5141570552417475,0.2910488366428792,0.2537374265260574,-5.246977236400668e-14,-1.0496699999999997,2.138121386004795e-14,-1.4109884851597819e-11,-9.809999999996322,3.131962806190698e-12,0.0,0.0,1.0,9.416150888141519e-17,1.0827192672531306e-15,1.722583576484781e-15
0.10700000000000008,0.5141570552417475,0.2899893566428792,0.2537374265260574,-3.5536637501258797e-14,-1.0594800000000035,1.0706808894370325e-14,1.6933134862747883e-11,-9.810000000003871,-1.0674404965677624e-11,0.0,0.0,1.0,1.570208947537971e-16,1.029288279216515e-15,1.7008658852655964e-15
0.10800000000000008,0.5141570552417475,0.2889200666428792,0.25373742652605746,2.320163576265402e-14,-1.0692899999999907,5.931540954168993e-14,5.873827326391281e-11,-9.809999999987218,4.86086006473196e-11,0.0,0.0,1.0,1.212801267736089e-16,1.1261720145422052e-15,1.6848389962878045e-15
0.10900000000000008,0.5141570552417475,0.2878409666428792,0.25373742652605746,2.271289214279463e-14,-1.0790999999999862,-2.4701822676938252e-14,-4.88743619859389e-13,-9.809999999995433,-8.401723221862818e-11,0.0,0.0,1.0,1.357758174796623e-16,1.0858507948180188e-15,1.7133018797685497e-15
0.11000000000000008,0.5141570552417475,0.2867520566428792,0.2537374265260575,2.9224227848657337e-15,-1.0889099999999918,7.194244787810997e-14,-1.9790469357928896e-11,-9.810000000005648,9.664427055504822e-11,0.0,0.0,1.0,3.328296578747175e-17,9.48503398084921e-16,1.667176881213552e-15
0.11100000000000008,0.5141570552417475,0.28565333664287923,0.2537374265260574,-3.57545717174143e-14,-1.098720000000007,-1.1266013807336392e-13,-3.8676994502280035e-11,-9.810000000015195,-1.8460258595147388e-10,0.0,0.0,1.0,1.7370697414456911e-16,1.233368810532139e-15,1.5989631041386517e-15
0.11200000000000009,0.5141570552417475,0.28454480664287923,0.2537374265260574,-2.641214903760571e-14,-1.1085300000000011,1.6616049941861305e-15,9.342422679808592e-12,-9.809999999994101,1.1432174306755005e-10,0.0,0.0,1.0,9.24219349430525e-17,1.0447596905530608e-15,1.6751335249941088e-15
0.11300000000000009,0.5141570552417475,0.28342646664287924,0.2537374265260574,-1.771737897146386e-14,-1.1183399999999974,-1.4840970120027754e-16,8.694770066141848e-12,-9.809999999996322,-1.810014695386408e-12,0.0,0.0,1.0,1.529496522817539e-16,1.1338925056677728e-15,1.6831634603291827e-15
0.11400000000000009,0.5141570552417475,0.28229831664287924,0.2537374265260574,-5.070918075512926e-14,-1.1281499999999898,4.1611809199821277e-16,-3.2991801783665393e-11,-9.809999999992325,5.645277931984903e-13,0.0,0.0,1.0,1.11349125692501e-16,1.0063660758881246e-15,1.6684153214629903e-15
0.11500000000000009,0.5141570552417475,0.2811603566428793,0.2537374265260574,-2.5904990652448704e-14,-1.1379599999999426,2.3559462686749902e-14,2.4804190102680556e-11,-9.809999999952801,2.314334459475169e-11,0.0,0.0,1.0,1.1633921484326483e-16,1.0295089523958804e-15,1.65059486538456e-15
0.11600000000000009,0.5141570552417475,0.2800125866428793,0.2537374265260574,-2.0020930952576433e-14,-1.147769999999982,1.2274394415488582e-14,5.884059699872271e-12,-9.810000000039398,-1.1285068271261321e-11,0.0,0.0,1.0,1.6783842429710802e-16,9.98091729477076e-16,1.7464934306674531e-15
0.11700000000000009,0.5141570552417474,0.2788550066428793,0.2537374265260574,-8.41337939212689e-14,-1.1575800000000154,1.9878948596139914e-14,-6.411286296869246e-11,-9.810000000033403,7.604554180651331e-12,0.0,0.0,1.0,8.556487170111203e-17,1.1695836347880058e-15,1.665332207588308e-15
0.11800000000000009,0.5141570552417475,0.2776876166428793,0.2537374265260574,8.640649394222317e-14,-1.1673900000000275,1.9060447480494267e-14,1.7054028786349206e-10,-9.810000000012087,-8.185011156456471e-13,0.0,0.0,1.0,8.869501209184418e-17,1.166886453821095e-15,1.6686519319796775e-15
0.11900000000000009,0.5141570552417474,0.2765104166428793,0.2537374265260574,-6.059073192658457e-14,-1.177199999999993,2.7105937170155622e-14,-1.4699722586880773e-10,-9.809999999965457,8.045489689661355e-12,0.0,0.0,1.0,1.541619177278872e-16,8.24168797124093e-16,1.5590343501397524e-15
0.12000000000000009,0.5141570552417475,0.2753234066428793,0.25373742652605746,5.74314749308503e-14,-1.1870099999999733,4.7630113447841176e-14,1.1802220685743486e-10,-9.809999999980334,2.0524176277685554e-11,0.0,0.0,1.0,1.0544595020371582e-16,1.165015770118588e-15,1.6640897119262656e-15
0.1210000000000001,0.5141570552417475,0.2741265866428793,0.25373742652605746,-1.491652965325905e-14,-1.1968200000000002,-2.5027532392006653e-14,-7.234800458410935e-11,-9.810000000026964,-7.265764583984783e-11,0.0,0.0,1.0,9.002570958549399e-17,1.2917944264945676e-15,1.6854604667065664e-15
0.1220000000000001,0.5141570552417475,0.2729199566428793,0.25373742652605746,-4.888810577132692e-14,-1.206630000000005,-2.7599276001636093e-14,-3.397157611806787e-11,-9.81000000000476,-2.5717436096294395e-12,0.0,0.0,1.0,9.540363182651411e-17,1.1665590997743944e-15,1.6926400678428772e-15
0.1230000000000001,0.5141570552417475,0.2717035166428793,0.2537374265260574,-3.103145497523892e-14,-1.2164400000000148,-2.975639110511658e-14,1.7856650796087997e-11,-9.810000000009866,-2.1571151034804852e-12,0.0,0.0,1.0,1.0434245624731915e-16,1.2488164387006277e-15,1.6646504335507498e-15
0.1240000000000001,0.5141570552417475,0.2704772666428793,0.25373742652605746,1.9548892375243554e-14,-1.2262499999999663,4.663670731548503e-14,5.0580347350482476e-11,-9.809999999951469,7.63930984206016e-11,0.0,0.0,1.0,1.1434630927521654e-16,1.1534296237607298e-15,1.630054876341274e-15
0.12500000000000008,0.5141570552417475,0.2692412066428793,0.2537374265260574,8.038336568116397e-15,-1.2360599999999782,-4.516547908242691e-14,-1.1510555807127156e-11,-9.810000000011865,-9.180218639791194e-11,0.0,0.0,1.0,7.27005212275245e-17,1.0499327274212375e-15,1.6073127571150321e-15
0.12600000000000008,0.5141570552417475,0.26799533664287933,0.2537374265260574,5.618765879754556e-15,-1.2458699999999996,1.447465317904354e-14,-2.419570688361841e-12,-9.810000000021413,5.964013226147045e-11,0.0,0.0,1.0,7.858131946192713e-17,1.326730914419106e-15,1.6235302311781483e-15
0.12700000000000009,0.5141570552417475,0.26673965664287935,0.2537374265260574,-9.107813479475653e-15,-1.2556799999999808,-1.8942910041962414e-14,-1.472657935923021e-11,-9.809999999981223,-3.3417563221005956e-11,0.0,0.0,1.0,1.4406813868495983e-16,1.2666947529969163e-15,1.6033514174401076e-15
0.12800000000000009,0.5141570552417475,0.2654741666428794,0.25373742652605735,-2.495912427425994e-14,-1.2654900000000033,-5.908407859425177e-14,-1.5851310794784286e-11,-9.810000000022523,-4.014116855228936e-11,0.0,0.0,1.0,9.803619305712226e-17,1.2861725554127652e-15,1.6781057337561911e-15
0.1290000000000001,0.5141570552417475,0.26419886664287934,0.25373742652605735,-3.212381482439033e-14,-1.27530000000003,8.044874400108547e-15,-7.16469055013039e-12,-9.810000000026742,6.712895299436032e-11,0.0,0.0,1.0,9.443388214117728e-17,1.203005603371735e-15,1.6274266694861237e-15
0.1300000000000001,0.5141570552417476,0.26291375664287947,0.2537374265260574,9.363690105829704e-14,-1.2851099999998847,6.836390289331171e-14,1.2576071588268737e-10,-9.809999999854657,6.031902849320316e-11,0.0,0.0,1.0,1.4867993787811767e-16,1.2459556515598948e-15,1.7720392317390784e-15
0.1310000000000001,0.5141570552417475,0.2616188366428794,0.2537374265260574,-1.0428486024721795e-13,-1.2949200000001078,-1.2315246401895742e-14,-1.9792176130551497e-10,-9.81000000022303,-8.067914929520745e-11,0.0,0.0,1.0,1.21221690575601e-16,1.2479926043914947e-15,1.632818303345348e-15
0.1320000000000001,0.5141570552417475,0.2603141066428794,0.25373742652605735,-1.2949936002960024e-14,-1.304730000000002,-3.801587994520096e-14,9.133492424425791e-11,-9.809999999894181,-2.5700633543305215e-11,0.0,0.0,1.0,1.0433171548587929e-16,1.118584369357351e-15,1.6189376883104915e-15
0.1330000000000001,0.5141570552417476,0.2589995666428794,0.25373742652605735,9.768081597978768e-14,-1.3145400000000205,1.4105718489683429e-14,1.1063075198274769e-10,-9.810000000018526,5.2121598434884386e-11,0.0,0.0,1.0,5.754096984743479e-17,1.0908326647817355e-15,1.6217306850144209e-15
0.1340000000000001,0.5141570552417476,0.2576752166428794,0.2537374265260574,-2.676337782257112e-14,-1.3243499999999953,3.952327083383024e-14,-1.244441938023588e-10,-9.809999999974783,2.541755234414681e-11,0.0,0.0,1.0,8.338925264987335e-17,1.2133863734103777e-15,1.6212498077858087e-15
0.1350000000000001,0.5141570552417475,0.2563410566428794,0.2537374265260573,-7.858498842999263e-14,-1.3341600000000213,-8.369458592814943e-14,-5.182161060742151e-11,-9.810000000026076,-1.2321785676197967e-10,0.0,0.0,1.0,1.0948904748087071e-16,1.1672222513488502e-15,1.6493330987502011e-15
0.1360000000000001,0.5141570552417475,0.25499708664287934,0.25373742652605785,5.306422023158299e-14,-1.343970000000017,5.407850474604266e-13,1.3164920866157563e-10,-9.809999999995656,6.244796333885761e-10,0.0,0.0,1.0,5.058913337421217e-16,1.3260022028922818e-15,1.2923167941227755e-15
0.1370000000000001,0.5141570552417475,0.2536433066428794,0.2537374265260576,3.869132188610476e-14,-1.3537799999999516,-2.5682291686938143e-13,-1.4372898345478227e-11,-9.809999999934593,-7.976079643298081e-10,0.0,0.0,1.0,3.093490698479432e-16,1.2851498708795992e-15,1.5922344410242702e-15
0.1380000000000001,0.5141570552417475,0.2522797166428794,0.25373742652605735,4.521583386137089e-14,-1.3635899999999685,-2.1473262475782072e-13,6.524511975266133e-12,-9.810000000016972,4.2090292111560706e-11,0.0,0.0,1.0,9.070302757742837e-17,1.295651233695141e-15,1.6580532537000416e-15
0.1390000000000001,0.5141570552417475,0.25090631664287943,0.2537374265260574,-2.4998429203046606e-14,-1.3733999999999797,4.423440708428728e-14,-7.02142630644175e-11,-9.810000000011199,2.58967031842108e-10,0.0,0.0,1.0,1.370118254142049e-16,1.2844959076474101e-15,1.6581550095125798e-15
0.1400000000000001,0.5141570552417475,0.24952310664287944,0.25373742652605713,8.79819372265016e-15,-1.3832100000000072,-2.6920935736790284e-13,3.379662292569676e-11,-9.810000000027408,-3.1344376445219015e-10,0.0,0.0,1.0,-1.1466240719960168e-16,1.3646528411253535e-15,1.6384390222198473e-15
0.1410000000000001,0.5141570552417475,0.24813008664287944,0.2537374265260573,-3.935960161340513e-15,-1.3930199999999953,1.5600591316060184e-13,-1.2734153883990673e-11,-9.809999999988106,4.252152705285047e-10,0.0,0.0,1.0,2.878990257331145e-17,1.1859679636866517e-15,1.607073840925019e-15
0.1420000000000001,0.5141570552417475,0.24672725664287945,0.25373742652605746,-3.935964366477601e-15,-1.4028299999999954,1.5600520234817529e-13,-4.205137088279897e-18,-9.810000000000096,-7.10812426551742e-16,0.0,0.0,1.0,1.7224474671979065e-16,1.00728729602708e-15,1.5757104245491406e-15
0.1430000000000001,0.5141570552417475,0.24531461664287946,0.25373742652605735,-1.3183121263023912e-14,-1.4126399999999972,-1.1555347760126445e-13,-9.247156896546311e-12,-9.810000000001873,-2.7155867994943973e-10,0.0,0.0,1.0,9.11765029072629e-17,1.332881366804693e-15,1.6687192075427501e-15
0.1440000000000001,0.5141570552417475,0.24389216664287944,0.2537374265260573,-2.4439794206181116e-15,-1.4224500000000069,-5.760332395642394e-14,1.07391418424058e-11,-9.810000000009644,5.7950153644840513e-11,0.0,0.0,1.0,4.178406618898232e-17,1.135397634637086e-15,1.5761442648953452e-15
0.1450000000000001,0.5141570552417475,0.24245990664287947,0.25373742652605735,6.516034715087096e-15,-1.432259999999951,3.3385853766800157e-14,8.960014135705207e-12,-9.809999999944141,9.098917772322409e-11,0.0,0.0,1.0,1.1180344809859895e-16,1.2505523467701727e-15,1.61710304725228e-15
0.1460000000000001,0.5141570552417475,0.24101783664287948,0.2537374265260574,-3.167676192614303e-14,-1.4420699999999798,3.132226139381224e-14,-3.8192796641230124e-11,-9.81000000002874,-2.063592372987916e-12,0.0,0.0,1.0,9.331903341305246e-17,1.2803458124640675e-15,1.6189221116296284e-15
0.1470000000000001,0.5141570552417475,0.2395659566428795,0.25373742652605746,-3.1676510126333797e-14,-1.4518799999999799,3.132187253910715e-14,2.517998092333423e-16,-9.810000000000096,-3.8885470509243787e-16,0.0,0.0,1.0,7.483527392103882e-17,1.3101383045181728e-15,1.6207421723193144e-15
0.1480000000000001,0.5141570552417475,0.23810426664287973,0.25373742652605746,-2.3596860691910774e-15,-1.4616899999997757,-1.3304512861388499e-14,2.9316824057142713e-11,-9.809999999795815,-4.462638540049565e-11,0.0,0.0,1.0,8.590447956981469e-17,1.663688919622046e-15,1.425494480001279e-15
0.1490000000000001,0.5141570552417475,0.2366327666428795,0.2537374265260573,4.9721657220206224e-14,-1.471500000000242,-1.4514842927207678e-13,5.20813432893973e-11,-9.81000000046639,-1.318439164106883e-10,0.0,0.0,1.0,9.233203567629162e-17,1.3981133853061139e-15,1.6670126696908905e-15
0.1500000000000001,0.5141570552417475,0.23515145664287954,0.2537374265260573,3.6564821062267594e-14,-1.4813099999999675,4.08863862390791e-15,-1.315683615793863e-11,-9.809999999725427,1.4923706789598468e-10,0.0,0.0,1.0,1.2500674779646756e-16,1.4356049800674066e-15,1.6544033591328027e-15
0.1510000000000001,0.5141570552417475,0.23366033664287955,0.2537374265260573,-8.67111792010383e-15,-1.4911199999999913,1.6566944844031837e-14,-4.523593898237142e-11,-9.810000000023855,1.2478306220123926e-11,0.0,0.0,1.0,2.3847231806437755e-17,1.2543286546054335e-15,1.6425376804799951e-15
0.1520000000000001,0.5141570552417475,0.23215940664287954,0.2537374265260573,1.3804928873891267e-14,-1.500930000000011,2.033681749872996e-14,2.2476046793995097e-11,-9.810000000019636,3.769872654698123e-12,0.0,0.0,1.0,2.050601354034195e-16,1.4399864293187176e-15,1.629018219782772e-15
0.1530000000000001,0.5141570552417475,0.23064866664287953,0.25373742652605735,9.014223466110748e-16,-1.510740000000002,4.658984636816937e-14,-1.2903506527280192e-11,-9.809999999990993,2.6253028869439412e-11,0.0,0.0,1.0,9.769011184256866e-18,1.2447154137257852e-15,1.6319465397201726e-15
0.1540000000000001,0.5141570552417476,0.22912811664287955,0.25373742652605724,6.834740174269696e-14,-1.5205499999999696,-8.741922915131193e-14,6.744597939608588e-11,-9.809999999967678,-1.3400907551948132e-10,0.0,0.0,1.0,4.808087258749815e-16,1.4376047465843286e-15,1.664416770165738e-15
0.1550000000000001,0.5141570552417475,0.22759775664287957,0.25373742652605735,-1.3784806774250036e-13,-1.5303599999999753,1.0460152650258451e-13,-2.0619546948519733e-10,-9.810000000005648,1.9202075565389644e-10,0.0,0.0,1.0,3.99125070254725e-18,1.2621718734599274e-15,1.5921741758898306e-15
0.1560000000000001,0.5141570552417475,0.22605758664287956,0.2537374265260573,3.883932350243423e-14,-1.5401699999999934,-8.286705878676707e-14,1.766873912449346e-10,-9.810000000018082,-1.8746858528935158e-10,0.0,0.0,1.0,6.650375833521202e-17,1.3930535817610087e-15,1.6526266462595158e-15
0.1570000000000001,0.5141570552417475,0.22450760664287958,0.2537374265260573,1.325826150777394e-14,-1.549979999999965,1.03384320304996e-14,-2.558106199466029e-11,-9.809999999971675,9.320549081726667e-11,0.0,0.0,1.0,9.633888640137867e-17,1.4166107910677126e-15,1.6575334163613403e-15
0.1580000000000001,0.5141570552417475,0.2229478166428796,0.2537374265260573,1.5066890995422285e-14,-1.559789999999978,-7.473675522454414e-15,1.8086294876483453e-12,-9.810000000012975,-1.7812107552954015e-11,0.0,0.0,1.0,9.245615181868983e-17,1.3978944723038731e-15,1.652513340357219e-15
0.1590000000000001,0.5141570552417475,0.22137821664287963,0.2537374265260573,1.506686995908323e-14,-1.5695999999999781,-7.474244973899661e-15,-2.1036339053678426e-17,-9.810000000000096,-5.694514452468483e-16,0.0,0.0,1.0,8.857592531746468e-17,1.379179458791291e-15,1.6474938251032114e-15
0.16000000000000011,0.5141570552417475,0.21979880664287965,0.2537374265260573,1.5067011258434787e-14,-1.5794099999999782,-7.475105714844771e-15,1.4129935155613963e-16,-9.810000000000096,-8.607409451102327e-16,0.0,0.0,1.0,8.470007241723858e-17,1.360469242803631e-15,1.6424752767946709e-15
0.16100000000000012,0.5141570552417475,0.2182095866428795,0.25373742652605724,-3.4820923492314445e-15,-1.5892200000001437,-4.9734857669059404e-14,-1.854910360766623e-11,-9.81000000016552,-4.225975195421463e-11,0.0,0.0,1.0,9.55452942017695e-17,1.3675486352225167e-15,1.594044230948464e-15
0.16200000000000012,0.5141570552417475,0.2166105566428797,0.25373742652605724,-2.7294031270625426e-14,-1.5990299999998037,2.597438284090073e-14,-2.381193892139398e-11,-9.809999999659924,7.570924050996012e-11,0.0,0.0,1.0,1.097961691924281e-16,1.4270297919780905e-15,1.6839619700847512e-15
0.16300000000000012,0.5141570552417475,0.21500171664287965,0.2537374265260573,4.652533436041136e-17,-1.6088400000000525,5.542767038286161e-14,2.734055660498584e-11,-9.810000000248786,2.945328754196088e-11,0.0,0.0,1.0,9.889760109533049e-17,1.3825533806358581e-15,1.6167811614604636e-15
0.16400000000000012,0.5141570552417475,0.21338306664287968,0.2537374265260573,-9.589401998984098e-16,-1.6186499999999644,-1.98134001909119e-14,-1.0054655342588212e-12,-9.809999999911945,-7.524107057377351e-11,0.0,0.0,1.0,-3.028267883283527e-17,1.320572903849849e-15,1.6965919885272806e-15
0.16500000000000012,0.5141570552417475,0.21175460664287968,0.2537374265260573,3.36174513390904e-14,-1.628459999999997,-2.461610263596711e-14,3.457639153898881e-11,-9.810000000032515,-4.802702445055212e-12,0.0,0.0,1.0,9.969138631656319e-17,1.3585006474999785e-15,1.6428319766901453e-15
0.16600000000000012,0.5141570552417475,0.21011633664287968,0.25373742652605724,2.860237550052405e-14,-1.6382699999999861,-5.740586647359243e-14,-5.015075838566353e-12,-9.809999999989216,-3.278976383762532e-11,0.0,0.0,1.0,6.698202400171134e-17,1.4177931065118294e-15,1.6155017301425689e-15
0.16700000000000012,0.5141570552417475,0.2084682566428797,0.25373742652605724,1.0781619129612653e-14,-1.6480799999999776,1.984517869004807e-14,-1.7820756370911396e-11,-9.809999999991437,7.72510451636405e-11,0.0,0.0,1.0,7.123551077094865e-17,1.3404362863050992e-15,1.6474950214278536e-15
0.16800000000000012,0.5141570552417475,0.2068103666428797,0.25373742652605724,-3.004378321801546e-14,-1.6578900000000145,7.122518193839896e-15,-4.082540234762811e-11,-9.810000000036956,-1.2722660496208175e-11,0.0,0.0,1.0,8.844279901375455e-17,1.3126102803181174e-15,1.6464957791788591e-15
0.16900000000000012,0.5141570552417475,0.20514266664287972,0.25373742652605724,-5.101451067400093e-14,-1.6676999999999609,1.851633118954332e-14,-2.097072745598547e-11,-9.809999999946362,1.1393812995703426e-11,0.0,0.0,1.0,2.121612948948539e-17,1.2407508636660916e-15,1.6179364490812426e-15
0.17000000000000012,0.5141570552417475,0.20346515664287976,0.25373742652605724,-2.995267954175254e-14,-1.6775099999999572,2.077810366179096e-14,2.106183113224839e-11,-9.809999999996322,2.2617724722476375e-12,0.0,0.0,1.0,1.2018424377230044e-16,1.3019371912589945e-15,1.5228776225787934e-15
0.17100000000000012,0.5141570552417469,0.20177783664287982,0.25373742652605696,-5.269621490614105e-13,-1.6873199999999413,-2.7144209122920273e-13,-4.970094695196579e-10,-9.80999999998411,-2.9222019489099366e-10,0.0,0.0,1.0,-2.2279753238531396e-16,1.311112779685961e-15,1.797936605668464e-15
0.17200000000000013,0.5141570552417475,0.20008070664287977,0.25373742652605724,5.938344765348819e-13,-1.6971300000000544,3.0360826686196204e-13,1.1207966255962922e-09,-9.810000000113117,5.750503580911648e-10,0.0,0.0,1.0,5.646296787158644e-17,1.3490164562911233e-15,1.6082628170364777e-15
0.17300000000000013,0.5141570552417475,0.19837376664287978,0.25373742652605724,2.9926158352136555e-14,-1.7069399999999897,2.219474414856213e-14,-5.639083181827453e-10,-9.80999999993526,-2.8141352271339987e-10,0.0,0.0,1.0,7.649388496281141e-17,1.3443310424218114e-15,1.6516636988859774e-15
0.17400000000000013,0.5141570552417475,0.1966570166428797,0.2537374265260572,5.015310108384875e-14,-1.7167500000000817,-3.78225981772521e-14,2.0226942731712192e-11,-9.810000000092023,-6.001734232581424e-11,0.0,0.0,1.0,6.58671422723698e-17,1.5916062264478356e-15,1.7519025648324381e-15
0.17500000000000013,0.5141570552417475,0.1949304566428798,0.2537374265260572,3.9694447843770515e-14,-1.7265599999998937,2.0826868782385323e-14,-1.0458653240078233e-11,-9.809999999812025,5.864946695963742e-11,0.0,0.0,1.0,7.142011569013007e-17,1.4704377027221792e-15,1.636405124183634e-15
0.17600000000000013,0.5141570552417475,0.19319408664287982,0.2537374265260572,8.242079351997932e-15,-1.7363699999999773,2.15095407982293e-15,-3.145236849177258e-11,-9.810000000083585,-1.8675914702562393e-11,0.0,0.0,1.0,1.324080315559688e-16,1.2012236782516183e-15,1.6261717542098507e-15
0.17700000000000013,0.5141570552417475,0.1914479066428798,0.25373742652605724,9.821446643655483e-15,-1.7461800000000012,4.9579171140208306e-14,1.5793672916575513e-12,-9.810000000023855,4.7428217060385377e-11,0.0,0.0,1.0,1.1055585324543014e-17,1.2734372650202551e-15,1.6694584225624318e-15
0.17800000000000013,0.5141570552417475,0.18969191664287985,0.25373742652605724,4.859834590592218e-14,-1.755989999999949,-7.414167190616513e-15,3.87768992622667e-11,-9.809999999947916,-5.699333833082482e-11,0.0,0.0,1.0,-4.437697617326654e-17,1.1993186509616147e-15,1.6251981768304125e-15
0.17900000000000013,0.5141570552417475,0.18792611664287984,0.25373742652605724,3.048485304228469e-14,-1.765800000000006,-1.4447900121121404e-14,-1.8113492863637492e-11,-9.81000000005694,-7.033732930504891e-12,0.0,0.0,1.0,8.227536661434607e-17,1.2457817556739822e-15,1.6922250301273801e-15
0.18000000000000013,0.5141570552417475,0.18615050664287988,0.25373742652605724,3.0045570442831655e-14,-1.7756099999999522,1.8078967437034016e-14,-4.3928259945303445e-13,-9.80999999994614,3.252686755815542e-11,0.0,0.0,1.0,1.164462556461143e-16,1.4109560861720671e-15,1.6769384150022345e-15
0.18100000000000013,0.5141570552417475,0.1843650866428799,0.2537374265260573,2.3684651364803338e-14,-1.7854199999999796,5.566391517139945e-14,-6.360919078028317e-12,-9.810000000027408,3.7584947734365436e-11,0.0,0.0,1.0,8.396791946721754e-17,1.4857022993051073e-15,1.6899500054775342e-15
0.18200000000000013,0.5141570552417475,0.18256985664287992,0.25373742652605735,2.3684892994291306e-14,-1.7952299999999797,5.5663507555438824e-14,2.416294879684142e-16,-9.810000000000096,-4.0761596062745527e-16,0.0,0.0,1.0,5.1489529880136854e-17,1.560443672606394e-15,1.7029622511967161e-15
0.18300000000000013,0.5141570552417475,0.1807648166428799,0.2537374265260573,-3.612808594111164e-14,-1.8050400000000015,-7.19340859227877e-14,-5.981297893540294e-11,-9.810000000021857,-1.2759759347822651e-10,0.0,0.0,1.0,8.630189971419676e-17,1.3449535463884238e-15,1.7076462209351768e-15
0.18400000000000014,0.5141570552417475,0.17894996664287993,0.2537374265260573,1.5037478436768757e-14,-1.8148499999999783,-2.265782099958171e-14,5.116556437788039e-11,-9.809999999976782,4.9276264923205986e-11,0.0,0.0,1.0,6.447932852615107e-17,1.403265521413257e-15,1.7094243792450198e-15
0.18500000000000014,0.5141570552417475,0.17712530664287995,0.2537374265260573,-1.197725100652427e-14,-1.824659999999988,-2.1346428825157258e-14,-2.7014729443293026e-11,-9.810000000009644,1.3113921744244525e-12,0.0,0.0,1.0,8.297163622394586e-17,1.460729470117564e-15,1.6611611435320184e-15
0.18600000000000014,0.5141570552417475,0.17529083664287995,0.2537374265260573,1.3802948726382111e-14,-1.834469999999992,-6.047819680796331e-15,2.5780199732906385e-11,-9.810000000004093,1.5298609144360927e-11,0.0,0.0,1.0,7.0961017258691e-17,1.3915375393379544e-15,1.6756543090625125e-15
0.18700000000000014,0.5141570552417475,0.17344655664288,0.2537374265260573,2.9969974650865286e-14,-1.8442799999999528,-3.6654097234001276e-15,1.6167025924483173e-11,-9.809999999960795,2.3824099573962037e-12,0.0,0.0,1.0,1.101169921539034e-16,1.4384126909122454e-15,1.7545576230846133e-15
0.18800000000000014,0.5141570552417475,0.17159246664288,0.2537374265260573,-2.726579236036703e-14,-1.8540900000000062,-1.9652914040581267e-14,-5.7235767011232324e-11,-9.810000000053387,-1.598750431718114e-11,0.0,0.0,1.0,3.800888630589069e-17,1.411949096457852e-15,1.7010514481047601e-15
0.18900000000000014,0.5141570552417475,0.16972856664288002,0.2537374265260572,4.896925338091871e-14,-1.863899999999974,-9.096235362238126e-14,7.623504574128574e-11,-9.809999999967678,-7.13094395818e-11,0.0,0.0,1.0,5.3162359513019096e-17,1.4267528236656166e-15,1.734252815873316e-15
0.19000000000000014,0.5141570552417475,0.16785485664288002,0.25373742652605724,-1.9501093727415492e-14,-1.8737099999999987,7.676402577151845e-14,-6.847034710833421e-11,-9.810000000024743,1.6772637939389972e-10,0.0,0.0,1.0,7.40591985862051e-17,1.378310223063656e-15,1.7286572017253527e-15
0.19100000000000014,0.5141570552417475,0.16597133664288002,0.2537374265260573,-3.110025567942954e-14,-1.8835200000000012,7.488254428445803e-14,-1.1599161952014047e-11,-9.810000000002539,-1.881481487060424e-12,0.0,0.0,1.0,1.251241684474334e-16,1.3758707906259837e-15,1.7163447407119069e-15
0.19200000000000014,0.5141571263448146,0.16407861756437933,0.2537374403901147,7.110306705031826e-05,-1.892719078500692,1.3864057381847513e-05,0.07110306708141852,-9.199078500690794,0.01386405730696497,0.0,0.0,0.9999999999999791,3.8119198715232036e-08,-1.0556204672799724e-09,-2.0089150365286281e-07
0.19300000000000014,0.5141574665689909,0.1621779154109949,0.2537373521062591,0.00034022417626781813,-1.9007021533844122,-8.828385560711391e-05,0.2691211092174999,-7.983074883720187,-0.10214791298896142,0.0,0.0,0.9999999999993198,-2.0333788674494078e-07,-1.0336367811754237e-09,-1.1485257108389908e-06
0.19400000000000014,0.5141579726273942,0.16027144721904032,0.25373745878602294,0.0005060584032425274,-1.9064681919545823,0.00010667976384325673,0.16583422697470923,-5.766038570170107,0.19496361945037063,0.0,0.0,0.9999999999967679,8.983213514811371e-08,5.183224662771693e-09,-2.5408940854826107e-06
0.19500000000000015,0.5141587728416127,0.15836222645872833,0.25373745310135837,0.0008002142185134525,-1.909220760312009,-5.684664554920244e-06,0.29415581527092516,-2.7525683574267656,-0.11236442839817697,0.0,0.0,0.999999999988744,7.475118476201238e-08,4.061338500078301e-09,-4.744090842779405e-06
0.19600000000000015,0.514159698544011,0.15645342978035745,0.25373713157871924,0.000925702398255645,-1.9087966783708765,-0.00032152263910511196,0.12548817974219248,0.42408194113252584,-0.3158379745501917,0.0,0.0,0.9999999999732745,-8.013204838021197e-07,-2.0684344612553182e-09,-7.266972058120962e-06
0.19700000000000015,0.5141606005405868,0.15454939568085377,0.2537363747570442,0.0009019965757584964,-1.904034099503693,-0.0007568216750724956,-0.023705822497148574,4.7625788671834535,-0.4352990359673836,0.0,0.0,0.999999999948597,-2.8793137514922855e-06,-8.876284600280824e-09,-9.721908787351698e-06
0.19800000000000015,0.5141617284498334,0.15265534158994834,0.2537354173219729,0.001127909246699776,-1.8940540909054402,-0.0009574350712951756,0.2259126709412795,9.980008598252876,-0.20061339622267998,0.0,0.0,0.9999999999021998,-5.499756866694888e-06,-6.719910775001149e-09,-1.2858967019250058e-05
0.19900000000000015,0.5141630217042544,0.1507782561683741,0.2537339737936797,0.001293254421046144,-1.8770854215742474,-0.001443528293228868,0.1653451743463682,16.968669331192785,-0.4860932219336924,0.0,0.0,0.999999999820374,-9.45165024062695e-06,-2.9611989377923182e-08,-1.6429163882613526e-05
0.20000000000000015,0.514164799674434,0.14892653079245388,0.2537323986497837,0.001777970179503342,-1.8517253759202157,-0.00157514389598098,0.4847157584571978,25.360045654031715,-0.13161560275211198,0.0,0.0,0.9999999996783192,-1.3748945625148163e-05,-6.290426055542289e-08,-2.1314880347709532e-05
0.20100000000000015,0.5141670532015742,0.1471079125150834,0.2537306987221814,0.0022535271401801795,-1.8186182773704753,-0.001699927602272278,0.47555696067683756,33.107098549740364,-0.12478370629129808,0.0,0.0,0.9999999994561014,-1.834095263669448e-05,-8.622621673783997e-08,-2.741166375644733e-05
0.20200000000000015,0.5141700860052507,0.14533144537639506,0.25372883771088717,0.0030328036765202853,-1.776467138688354,-0.001861011294235659,0.7792765363401057,42.15113868212139,-0.16108369196338093,0.0,0.0,0.9999999990908,-2.335224467934185e-05,-6.875527874700039e-08,-3.5680081702601584e-05
0.20300000000000015,0.5141735907775469,0.14360725008886585,0.2537262861116116,0.003504772296125592,-1.7241952875291942,-0.002551599275572981,0.47196861960530684,52.27185115915978,-0.690587981337322,0.0,0.0,0.9999999985268517,-3.0199003228753873e-05,-9.264591749328609e-08,-4.5103304654150945e-05
0.20400000000000015,0.5141776643379422,0.14194530017296073,0.25372267768773504,0.004073560395299894,-1.6619499159051139,-0.0036084238765117897,0.5687880991743017,62.24537162408028,-1.0568246009388087,0.0,0.0,0.9999999976499011,-3.982764543824841e-05,-8.861852264615161e-08,-5.580276577632837e-05
0.20500000000000015,0.5141826865260369,0.14035570810370246,0.253717653210436,0.005022188094751256,-1.5895920692582715,-0.005024477299039945,0.9486276994513619,72.35784664684242,-1.4160534225281554,0.0,0.0,0.9999999961963276,-5.318530779820354e-05,-1.4181305581548297e-07,-6.912776241445911e-05
0.20600000000000016,0.5141887064373982,0.13884845242881663,0.25371124475049006,0.0060199113612996015,-1.5072556748858141,-0.006408459945923413,0.9977232665483458,82.33639437245732,-1.3839826468834684,0.0,0.0,0.9999999939421824,-7.007512989186337e-05,-2.1134450012439624e-07,-8.48826632939613e-05
0.20700000000000016,0.5141959484412412,0.13743292783113356,0.25370350650448226,0.007242003842944732,-1.4155245976830608,-0.0077382460077951186,1.2220924816451302,91.73107720275331,-1.3297860618717052,0.0,0.0,0.9999999905590354,-9.022552524336575e-05,-2.354322099019137e-07,-0.0001036398952072551
0.20800000000000016,0.5142042091121768,0.13611957558498047,0.2536943576782194,0.008260670935586618,-1.3133522461530833,-0.009148826262827736,1.0186670926418864,102.1723515299775,-1.4105802550326172,0.0,0.0,0.9999999857570168,-0.00011373600176857712,-3.2818276889742447e-07,-0.00012469955828360953
0.20900000000000016,0.5142137471385078,0.1349161788373726,0.25368383013804036,0.009538026330990164,-1.2033967476078646,-0.010527540179036093,1.277355395403546,109.95549854521869,-1.3787139162083577,0.0,0.0,0.9999999791076938,-0.0001403416265595427,-4.3649491030914647e-07,-0.00014862250351503438
0.21000000000000016,0.5142246184623315,0.1338310611601709,0.25367180248092897,0.010871323823694849,-1.0851176772017155,-0.012027657111370674,1.333297492704685,118.27907040614916,-1.5001169323345804,0.0,0.0,0.9999999701524787,-0.00017011142723939702,-4.7291753788336207e-07,-0.0001753765082984662
0.21100000000000016,0.5142369255053959,0.13287189518491968,0.2536582375230633,0.012307043064453772,-0.9591659752512254,-0.013564957865660993,1.4357192407589234,125.9517019504901,-1.5373007542903196,0.0,0.0,0.9999999583885222,-0.0002029874274627071,-5.578580321325616e-07,-0.00020498474623892828
0.21200000000000016,0.514251052405423,0.13204410151150733,0.2536429499586993,0.0141269000271009,-0.8277936734123338,-0.015287564364040529,1.8198569626471268,131.3723018388916,-1.7226064983795353,0.0,0.0,0.9999999429526564,-0.00023917279437287047,-6.309541254029623e-07,-0.00023851762918566764
0.21300000000000016,0.5142669253534717,0.13135266382272434,0.25362587233143064,0.0158729480487512,-0.6914376887829838,-0.017077627268663208,1.7460480216502996,136.35598462934993,-1.790062904622679,0.0,0.0,0.99999992331204,-0.00027861151797258936,-7.388237045026905e-07,-0.000275228975787601
0.21400000000000016,0.5142845072310066,0.13080110923502486,0.253607111069289,0.017581877534884844,-0.5515545876994724,-0.01876126214163185,1.7089294861336453,139.88310108351143,-1.6836348729686417,0.0,0.0,0.9999998989839263,-0.0003208773330340366,-1.1615030908920072e-06,-0.0003147515273496245
0.21500000000000016,0.5143037357577406,0.13039146571493682,0.25358668954422736,0.01922852673392086,-0.4096435200880519,-0.020421525061635852,1.6466491990360168,141.91106761142052,-1.6602629200040027,0.0,0.0,0.9999998696295896,-0.00036522774390165456,-8.83098320982239e-07,-0.00035685952093246135
0.21600000000000016,0.5143243799377624,0.13012573811764816,0.2535646307067471,0.02064418002181422,-0.26572759728864725,-0.02205883748022319,1.4156532878933579,143.91592279940463,-1.637312418587337,0.0,0.0,0.9999998351144085,-0.0004117361422695855,-1.014261129566267e-06,-0.0004003042278993663
0.21700000000000016,0.5143464805707813,0.13000250508077632,0.2535410197420965,0.022100633018867753,-0.12323303687184661,-0.02361096465066213,1.456452997053534,142.49456041680065,-1.5521271704389412,0.0,0.0,0.9999997951722385,-0.0004597628313838168,-1.1325029183511425e-06,-0.0004452778187936046
0.21800000000000017,0.5143699268618867,0.1300206079821465,0.2535159949358254,0.023446291105445015,0.018102901370194782,-0.025024806271105513,1.3456580865772623,141.33593824204138,-1.4138416204433832,0.0,0.0,0.9999997499426357,-0.0005087182370083963,-1.148930579165808e-06,-0.0004912424044443924
0.21900000000000017,0.5143943436404088,0.1301769187467564,0.25348991418613553,0.024416778522170855,0.15631076460990176,-0.02608074968986398,0.9704874167258404,138.20786323970697,-1.0559434187584655,0.0,0.0,0.9999997005210057,-0.0005574863326700842,-1.2344675954385766e-06,-0.0005368103601197179
0.22000000000000017,0.514419293204387,0.1304649211118385,0.2534631126482203,0.024949563978083015,0.2880023650820842,-0.026801537915252163,0.5327854559121596,131.69160047218244,-0.7207882253881838,0.0,0.0,0.999999648274463,-0.000604952867488142,-1.2382788750023854e-06,-0.0005809315314476602
0.22100000000000017,0.5144443832284602,0.1308752419438709,0.2534361872768996,0.0250900240732494,0.4103208320323987,-0.026925371320712762,0.1404600951663837,122.3184669503145,-0.1238334054605994,0.0,0.0,0.9999995952020186,-0.0006497015173956588,-1.2339529055576646e-06,-0.0006224806935061078
0.22200000000000017,0.5144691469253951,0.13139679153767608,0.2534094786864062,0.0247636969349053,0.5215495938051852,-0.02670859049339691,-0.3263271383440979,111.22876177278646,0.216780827315851,0.0,0.0,0.9999995433240424,-0.0006908332070617913,-1.2780220152913522e-06,-0.0006603783404389328
0.22300000000000017,0.5144933429489639,0.1320158750712464,0.2533833376481922,0.02419602356869874,0.6190835335703135,-0.02614103821398689,-0.5676733662065593,97.53393976512837,0.5675522794100218,0.0,0.0,0.9999994943189767,-0.0007276198088125912,-1.2676898679813727e-06,-0.0006942114927010747
0.22400000000000017,0.5145162747231451,0.1327190532434231,0.25335859328686083,0.022931774181193586,0.703178172176689,-0.02474436133139367,-1.264249387505155,84.09463860637545,1.39667688259322,0.0,0.0,0.9999994486434073,-0.0007601704978646768,-1.4406570631933798e-06,-0.0007244664372246817
0.22500000000000017,0.5145377276206531,0.13349038605329713,0.25333601001556644,0.02145289750793832,0.7713328098740423,-0.022583271294368615,-1.478876673255268,68.15463769735331,2.161090037025054,0.0,0.0,0.9999994057821695,-0.0007888010871863601,-1.6780992790214862e-06,-0.0007524794583014603
0.22600000000000017,0.5145575876497066,0.13431623838483758,0.2533159570996837,0.019860029053507883,0.8258523315404616,-0.020052915882763277,-1.592868454430435,54.519521666419266,2.530355411605338,0.0,0.0,0.999999367698451,-0.0008124241752524683,-1.7754348533228556e-06,-0.000777538747562128
0.22700000000000017,0.5145761517870047,0.13518286714803784,0.253298583027578,0.01856413729809347,0.866628763200257,-0.017374072105677416,-1.295891755414412,40.776431659795385,2.678843777085861,0.0,0.0,0.9999993355619748,-0.0008302932635304206,-1.7670225317050574e-06,-0.0007996784238041982
0.22800000000000017,0.5145930822856608,0.13607846880917246,0.25328373264006765,0.016930498656188144,0.8956016611346254,-0.01485038751038071,-1.6336386419053273,28.97289793436841,2.523684595296706,0.0,0.0,0.999999310132616,-0.0008425564513089199,-1.779961650569967e-06,-0.0008184312731477738
0.22900000000000018,0.5146087000679124,0.13699154468840105,0.2532710992643029,0.015617782251584363,0.9130758792286002,-0.012633375764716782,-1.3127164046037814,17.47421809397487,2.217011745663928,0.0,0.0,0.9999992910632428,-0.0008496681299105403,-1.7530814300047016e-06,-0.0008342265916359231
0.23000000000000018,0.5146233962715862,0.13791348048743335,0.2532601300579313,0.014696203673779346,0.9219357990322867,-0.010969206371590316,-0.9215785778050166,8.8599198036865,1.6641693931264654,0.0,0.0,0.9999992770730168,-0.0008528770076199697,-1.662673559727502e-06,-0.0008476151768180149
0.23100000000000018,0.5146374118154468,0.13883769854240982,0.2532503332246505,0.014015543860644311,0.9242180549764833,-0.009796833280799404,-0.6806598131350351,2.2822559441966206,1.172373090790912,0.0,0.0,0.9999992665294422,-0.0008533231146909049,-1.5489518039197839e-06,-0.0008595218666957057
0.23200000000000018,0.5146510879967685,0.1397593209956895,0.25324136385803003,0.013676181321807887,0.9216224532796717,-0.008969366620499223,-0.3393625388364244,-2.5956016968116113,0.8274666603001815,0.0,0.0,0.9999992582221486,-0.0008517794573523463,-1.4297554584792477e-06,-0.0008706462330339111
0.23300000000000018,0.5146645015299072,0.1406751087924585,0.2532331494302947,0.013413533138654172,0.9157877967690251,-0.008214427735344433,-0.2626481831537152,-5.83465651064663,0.7549388851547899,0.0,0.0,0.999999252006482,-0.0008483248027476271,-1.2946480907768226e-06,-0.0008810958109805644
0.23400000000000018,0.5146776580964988,0.14158278975484612,0.25322545848506994,0.013156566591640311,0.9076809623876013,-0.007690945224748435,-0.2569665470138604,-8.106834381423788,0.5234825105959974,0.0,0.0,0.9999992474326469,-0.0008435180828029329,-1.1481914501018502e-06,-0.0008908479467735149
0.23500000000000018,0.51469062442432,0.14248100863392296,0.25321793798195374,0.012966327821247403,0.8982188790768582,-0.007520503116216239,-0.190238770392908,-9.462083310743164,0.17044210853219607,0.0,0.0,0.999999243592759,-0.0008382464942633675,-9.885975941176051e-07,-0.0009000865214683378
0.23600000000000018,0.5147036559246688,0.1433692246229457,0.25321042616563405,0.013031500348857953,0.8882159890227627,-0.007511816319672861,0.0651725276105495,-10.002890054095491,0.008686796543378068,0.0,0.0,0.9999992394821107,-0.0008329406831793464,-8.267956788963761e-07,-0.000909529732259789
0.23700000000000018,0.5147167476652765,0.14424757645146621,0.25320288827696813,0.013091740607670196,0.8783518285205077,-0.007537888665937694,0.060240258812243805,-9.864160502254915,-0.026072346264833027,0.0,0.0,0.9999992350815382,-0.000827707203137036,-6.668805032794909e-07,-0.0009190955764031629
0.23800000000000018,0.5147298357580057,0.14511611832271196,0.25319535120685455,0.013088092729097238,0.8685418712457382,-0.0075370701136092955,-0.0036478785729581603,-9.80995727476952,0.0008185523283988153,0.0,0.0,0.9999992305698883,-0.0008224729201910415,-5.081271620227511e-07,-0.0009286536856094625
0.23900000000000018,0.5147429226393321,0.1459748502699235,0.25318781378964333,0.013086881326390461,0.8587319472115447,-0.007537417211221079,-0.0012114027067768735,-9.809924034193562,-0.0003470976117836075,0.0,0.0,0.9999992259393686,-0.0008172391439997067,-3.503637354910562e-07,-0.0009382114481045146
0.24000000000000019,0.5147560091308497,0.14682377213361278,0.2531802763477131,0.013086491517661445,0.8489218636892899,-0.00753744193020639,-0.00038980872901599184,-9.810083522254764,-2.4718985310902275e-05,0.0,0.0,0.9999992211901215,-0.0008120053157559453,-1.9231914289347097e-07,-0.0009477692122749322
0.2410000000000002,0.5147690957149028,0.1476628839096259,0.25317273888349073,0.013086584053053832,0.8391117760131284,-0.007537464222393849,9.253539238682218e-05,-9.810087676161539,-2.2292187458819446e-05,0.0,0.0,0.9999992163221244,-0.000806771476038216,-3.3862044448090835e-08,-0.0009573269663964112
0.2420000000000002,0.5147821823678228,0.1484921855987293,0.25316520140889254,0.013086652919989488,0.8293016891033774,-0.007537474598202412,6.886693565584523e-05,-9.810086909750936,-1.0375808563028999e-05,0.0,0.0,0.9999992113353491,-0.0008015376380793901,1.2475053685101248e-07,-0.0009668847285728586
0.2430000000000002,0.5147952689894669,0.14931167720026847,0.25315766393489536,0.013086621644150156,0.8194916015391878,-0.007537473997159587,-3.127583933157374e-05,-9.810087564189661,6.010428248853783e-07,0.0,0.0,0.9999992062297898,-0.0007963038031354072,2.8332074626325327e-07,-0.0009764425034804461
0.2440000000000002,0.5148083555872225,0.15012135871474927,0.2531501264586835,0.013086597755551157,0.809681514480792,-0.007537476211869194,-2.388859899997431e-05,-9.810087058395812,-2.214709606679355e-06,0.0,0.0,0.9999992010054598,-0.0007910699683568696,4.4193186912169104e-07,-0.0009860002795021162
0.2450000000000002,0.5148214421907329,0.1509212301447837,0.25314258897491737,0.013086603510373237,0.7998714300344217,-0.007537483766149468,5.754822080678013e-06,-9.810084446370215,-7.55428027424121e-06,0.0,0.0,0.9999991956623597,-0.0007858361368284703,6.005901654523132e-07,-0.0009955580535907082
0.2460000000000002,0.514834528793124,0.15171129149012294,0.25313505148412135,0.013086602391047766,0.7900613453392344,-0.007537490796012539,-1.1193254708524725e-06,-9.810084695187292,-7.029863071002229e-06,0.0,0.0,0.9999991902004873,-0.0007806023093635441,7.59298532476535e-07,-0.0010051158275252814
0.2470000000000002,0.514847615387507,0.1524915427428045,0.25312751399116956,0.013086594383032309,0.7802512526815462,-0.00753749295177659,-8.008015457347528e-06,-9.810092657688285,-2.15576405077772e-06,0.0,0.0,0.9999991846198444,-0.0007753684807727928,9.180471446547251e-07,-0.001014673603522374
0.2480000000000002,0.5148607019814417,0.15326198391188678,0.25311997648988666,0.013086593934730594,0.7704411690822871,-0.007537501282885167,-4.4830171519461004e-07,-9.810083599259055,-8.331108577314117e-06,0.0,0.0,0.9999991789204311,-0.0007701346564292353,1.0768705137344494e-06,-0.001024231377133746
0.2490000000000002,0.5148737885711892,0.15402261499406242,0.2531124389828446,0.013086589747360046,0.7606310821756413,-0.007537507042065066,-4.187370547525937e-06,-9.810086906645754,-5.759179899471334e-06,0.0,0.0,0.9999991731022488,-0.0007649008298779891,1.2357505827259114e-06,-0.0010337891520821282
0.25000000000000017,0.5148868751557457,0.154773435989525,0.25310490147049414,0.013086584556591853,0.7508209954625799,-0.007537512350448302,-5.190768193746864e-06,-9.810086713061494,-5.308383235584635e-06,0.0,0.0,0.9999991671652939,-0.0007596670072487522,1.394674607776459e-06,-0.0010433469271922463
0.25100000000000017,0.514899961738017,0.15551444689720698,0.25309736395196275,0.013086582271302034,0.7410109076819741,-0.007537518531362529,-2.285289818493297e-06,-9.81008778060577,-6.180914226619483e-06,0.0,0.0,0.9999991611095653,-0.0007544331900742042,1.5536560818931648e-06,-0.0010529047024163641
0.25200000000000017,0.5149130483104057,0.15624564772107669,0.2530898264287333,0.013086572388690269,0.7312008238697086,-0.007537523229483228,-9.88261176539107e-06,-9.810083812265447,-4.69812069976705e-06,0.0,0.0,0.9999991549350703,-0.0007491993687207051,1.7126728330651423e-06,-0.001062462477873658
0.25300000000000017,0.5149261348842331,0.15696703845798302,0.25308228889877277,0.01308657382733952,0.7213907369063363,-0.0075375299605440855,1.4386492518114746e-06,-9.810086963372378,-6.731060857127769e-06,0.0,0.0,0.9999991486418011,-0.0007439655520681805,1.8717500371960934e-06,-0.0010720202543965337
0.25400000000000017,0.5149392214506805,0.15767861910775008,0.2530747513635914,0.013086566447407307,0.7115806497670756,-0.007537535181330858,-7.379932213946727e-06,-9.81008713926068,-5.220786772515418e-06,0.0,0.0,0.9999991422297608,-0.0007387317378316537,2.0308642511126883e-06,-0.001081578030772074
0.25500000000000017,0.5149523080163286,0.15838038967004614,0.2530672138205796,0.013086565648182974,0.7017705622960494,-0.007537543011785769,-7.992243325483095e-07,-9.810087471026186,-7.830454911220142e-06,0.0,0.0,0.9999991356989503,-0.0007334979260756506,2.1900697668917286e-06,-0.0010911358060964468
0.25600000000000017,0.514965394576206,0.1590723501465091,0.2530596762746705,0.013086559877413662,0.6919604764629688,-0.007537545909119533,-5.770769312060664e-06,-9.810085833080628,-2.897333763532406e-06,0.0,0.0,0.9999991290493692,-0.000728264114287976,2.3492974329688012e-06,-0.0011006935825030883
0.2570000000000002,0.51497848113129,0.15975450053520032,0.25305213872210114,0.013086555083966113,0.6821503886911972,-0.007537552569389603,-4.7934475486122174e-06,-9.810087771771613,-6.660270069833163e-06,0.0,0.0,0.9999991222810142,-0.0007230303053889967,2.508586174661685e-06,-0.001110251360897645
0.2580000000000002,0.5149915676816833,0.16042684083942615,0.25304460116378547,0.013086550393287539,0.6723403042258331,-0.007537558315674173,-4.690678574725826e-06,-9.810084465364021,-5.7462845705694154e-06,0.0,0.0,0.9999991153938916,-0.0007177964983054713,2.667914588482489e-06,-0.0011198091363122998
0.2590000000000002,0.5150046542292475,0.16108937105621332,0.25303706359909767,0.013086547564183303,0.6625302167871711,-0.007537564687806755,-2.82910423560212e-06,-9.810087438662073,-6.372132582005419e-06,0.0,0.0,0.9999991083879964,-0.0007125626931481285,2.8273153411710563e-06,-0.0011293669133846094
0.2600000000000002,0.5150177407718977,0.16174209118615823,0.25302952602916945,0.013086542650211619,0.6527201299449148,-0.007537569928240258,-4.913971684422647e-06,-9.810086842256261,-5.240433502938513e-06,0.0,0.0,0.9999991012633306,-0.0007073288903203703,2.986750378048504e-06,-0.0011389246900829232
0.2610000000000002,0.5150308273086565,0.16238500122975055,0.253021988453702,0.013086536758827661,0.6429100435923338,-0.0075375754674737415,-5.891383957068452e-06,-9.81008635258096,-5.539233483356498e-06,0.0,0.0,0.9999990940198914,-0.000702095088505004,3.146227991339376e-06,-0.0011484824694600354
0.2620000000000002,0.5150439138464449,0.16301810118441346,0.25301445087196023,0.013086537788464378,0.6330999546629145,-0.007537581741779286,1.0296367161655162e-06,-9.810088929419368,-6.274305544735903e-06,0.0,0.0,0.9999990866576843,-0.0006968612889400555,3.305801765629019e-06,-0.0011580402458018174
0.2630000000000002,0.5150570003756512,0.1636413910563989,0.2530069132843009,0.013086529206321652,0.6232898719854438,-0.007537587659296087,-8.582142725643838e-06,-9.810082677470632,-5.917516800353628e-06,0.0,0.0,0.9999990791767042,-0.0006916274915243944,3.4653902619792963e-06,-0.0011675980240216407
0.2640000000000002,0.5150700869001589,0.16425487083974813,0.2529993756914421,0.013086524507682898,0.6134797833492179,-0.007537592858838105,-4.698638754116469e-06,-9.810088636225899,-5.1995420182957e-06,0.0,0.0,0.9999990715769526,-0.0006863936959984789,3.6250288649779534e-06,-0.0011771558027600356
0.2650000000000002,0.5150831734231158,0.16485854053590587,0.25299183809159514,0.013086522956999566,0.603669696157747,-0.007537599846972763,-1.5506833317413538e-06,-9.810087191470917,-6.988134657742728e-06,0.0,0.0,0.9999990638584312,-0.0006811599023288585,3.784746987449806e-06,-0.0011867135805989986
0.2660000000000002,0.5150962599409552,0.16545240014637935,0.25298430048693293,0.013086517839379997,0.5938596104734749,-0.007537604662236472,-5.117619569436349e-06,-9.810085684272106,-4.81526370946922e-06,0.0,0.0,0.9999990560211379,-0.0006759261103239969,3.944501533873284e-06,-0.001196271359452502
0.2670000000000002,0.5151093464557782,0.1660364496700108,0.25297676287598836,0.013086514823010618,0.5840495236314559,-0.007537610944561921,-3.0163693782309098e-06,-9.810086842019006,-6.2823254489211e-06,0.0,0.0,0.9999990480650748,-0.0006706923204025768,4.104321549742115e-06,-0.0012058291373502551
0.2680000000000002,0.5151224329644973,0.16661068910730645,0.2529692252600442,0.013086508719138187,0.5742394372956529,-0.007537615944159301,-6.103872431800772e-06,-9.810086335803048,-4.999597380192511e-06,0.0,0.0,0.9999990399902389,-0.0006654585326612841,4.2641713040367535e-06,-0.0012153869166440534
0.2690000000000002,0.5151355194695387,0.16717511845698088,0.2529616876378532,0.013086505041374357,0.5644293496744353,-0.007537622190967394,-3.677763829590397e-06,-9.810087621217601,-6.2468080925040526e-06,0.0,0.0,0.9999990317966313,-0.0006602247460382262,4.424082980274864e-06,-0.0012249446969167846
0.2700000000000002,0.5151486059701524,0.16772973772187616,0.2529541500101327,0.01308650061375366,0.5546192648952857,-0.007537627720493513,-4.427620697161627e-06,-9.810084779149575,-5.529526119103789e-06,0.0,0.0,0.9999990234842538,-0.0006549909632858192,4.5840420513225474e-06,-0.0012345024753456996
0.2710000000000002,0.5151616924667564,0.16827454689950083,0.2529466123762154,0.013086496603876572,0.544809177624661,-0.007537633917291671,-4.009877088359537e-06,-9.810087270624713,-6.196798157942496e-06,0.0,0.0,0.9999990150531048,-0.0006497571797268088,4.744057299057929e-06,-0.001244060255725711
0.2720000000000002,0.5151747789609722,0.1688095459906192,0.2529390747363696,0.013086494215871958,0.5349990911183647,-0.007537639845809309,-2.3880046134960864e-06,-9.810086506296223,-5.928517638614794e-06,0.0,0.0,0.9999990065031851,-0.0006445234012319348,4.9041312558121654e-06,-0.001253618034330024
0.2730000000000002,0.5151878654487548,0.1693347349926677,0.2529315370911939,0.013086487782607036,0.5251890020485209,-0.007537645175665171,-6.433264922514614e-06,-9.81008906984382,-5.329855861345434e-06,0.0,0.0,0.9999989978344948,-0.0006392896208314585,5.064251867263156e-06,-0.0012631758146458326
0.2740000000000002,0.5152009519323546,0.16985011391324523,0.25292399943998506,0.013086483599819706,0.515378920577527,-0.007537651208874662,-4.18278733003985e-06,-9.810081470993936,-6.033209491024261e-06,0.0,0.0,0.9999989890470221,-0.0006340558444301396,5.2244257823553905e-06,-0.0012727336028293286
0.2750000000000002,0.515214038412584,0.17035568274287005,0.25291646178314714,0.013086480229298194,0.5055688296248274,-0.007537656837927695,-3.370521511197877e-06,-9.810090952699579,-5.629053033591458e-06,0.0,0.0,0.9999989801407977,-0.0006288220696634867,5.384646582304578e-06,-0.001282291376121269
0.2760000000000002,0.5152271248876017,0.17085144148769935,0.25290892412056404,0.013086475017736555,0.4957587448292925,-0.007537662583089926,-5.211561638837625e-06,-9.810084795534912,-5.745162230501311e-06,0.0,0.0,0.9999989711157925,-0.0006235882965754569,5.544910895215238e-06,-0.001291849157334747
0.2770000000000002,0.5152402113615606,0.17133739014301308,0.25290138645255805,0.013086473958870866,0.4859486553137473,-0.007537668005995476,-1.0588656895738069e-06,-9.810089515545183,-5.422905549959389e-06,0.0,0.0,0.9999989619720171,-0.000618354524724351,5.705270363969505e-06,-0.0013014069381610722
0.2780000000000002,0.5152532978286429,0.1718135287161782,0.2528938487771982,0.013086467082366635,0.4761385731651187,-0.007537675359799706,-6.876504230618474e-06,-9.810082148628608,-7.353804230489369e-06,0.0,0.0,0.9999989527094705,-0.0006131207571534858,5.865640500846387e-06,-0.0013109647182715479
0.2790000000000002,0.5152663842902427,0.17227985720176187,0.2528863110975707,0.013086461599824647,0.4663284855836761,-0.007537679627526005,-5.482541988108269e-06,-9.810087581442584,-4.267726299092556e-06,0.0,0.0,0.9999989433281515,-0.0006078869899735527,6.026055266667996e-06,-0.0013205225001682375
0.2800000000000002,0.5152794707499327,0.17273637559830043,0.2528787734112476,0.013086459690006661,0.45651839653856024,-0.0075376863230858385,-1.909817986048279e-06,-9.810089045115877,-6.6955598331322475e-06,0.0,0.0,0.9999989338280622,-0.0006026532257754891,6.186552037711537e-06,-0.0013300802810942774
0.2810000000000002,0.5152925572092502,0.17318308390539422,0.25287123571880366,0.013086459317362563,0.4467083070937733,-0.007537692443925193,-3.726440978707446e-07,-9.810089444786952,-6.120839354459284e-06,0.0,0.0,0.9999989242091974,-0.0005974194621951274,6.34710766489166e-06,-0.0013396380657676877
0.2820000000000002,0.5153056436566142,0.1736199821350436,0.25286369802203224,0.01308644736405081,0.4368982296493655,-0.007537696771404209,-1.1953311753604146e-05,-9.810077444407817,-4.3274790157560306e-06,0.0,0.0,0.9999989144715707,-0.0005921857006113196,6.5076807309693315e-06,-0.001349195844046525
0.2830000000000002,0.5153187301017628,0.17404707027360805,0.25285616031874103,0.013086445148534033,0.42708813856445343,-0.007537703291207367,-2.2155167769821738e-06,-9.810091084912042,-6.519803158293314e-06,0.0,0.0,0.9999989046151673,-0.0005869519410893495,6.6683151325327494e-06,-0.0013587536264556526
0.2840000000000002,0.515331816545621,0.17446434832356458,0.25284862260872687,0.013086443858171643,0.417278049956541,-0.007537710014145839,-1.2903623898552485e-06,-9.810088607912437,-6.722938472418505e-06,0.0,0.0,0.9999988946399933,-0.000581718184500507,6.829027238183447e-06,-0.0013683114080060598
0.2850000000000002,0.5153449029824683,0.1748718162902922,0.2528410848938946,0.013086436847330187,0.4074679667275979,-0.00753771483224664,-7.010841455989958e-06,-9.810083228943112,-4.818100800274561e-06,0.0,0.0,0.9999988845460466,-0.0005764844278181438,6.9897627702808344e-06,-0.0013778691918005573
0.2860000000000002,0.5153579894166582,0.17526947416794092,0.252833547172951,0.013086434189991948,0.3976578776487316,-0.007537720943612737,-2.657338238343243e-06,-9.81008907886627,-6.1113660972111905e-06,0.0,0.0,0.9999988743333302,-0.0005712506745334881,7.1505626773131115e-06,-0.0013874269739363601
0.2870000000000002,0.5153710758453577,0.1756573219603,0.2528260094465881,0.013086428699415176,0.3878477923590781,-0.007537726362839318,-5.490576772751443e-06,-9.810085289653491,-5.419226581371284e-06,0.0,0.0,0.9999988640018413,-0.000566016922884042,7.311407010366727e-06,-0.0013969847573662517
0.2880000000000002,0.5153841622716149,0.17603535966410994,0.2528184717138305,0.013086426257238618,0.37803770380991497,-0.0075377327576312565,-2.44217655820389e-06,-9.810088549163154,-6.3947919381676654e-06,0.0,0.0,0.9999988535515831,-0.000560783173462506,7.4723145399286445e-06,-0.001406542539499974
0.2890000000000002,0.515397248692299,0.17640358728414657,0.25281093397575377,0.013086420684046892,0.3682276200366244,-0.007537738076723554,-5.573191725824489e-06,-9.810083773290568,-5.31909229769395e-06,0.0,0.0,0.9999988429825524,-0.0005555494257531123,7.63326171741458e-06,-0.0014161003229437596
0.2900000000000002,0.5154103351079893,0.17676200481683946,0.2528033962319923,0.013086415690352472,0.3584175326928848,-0.007537743761524712,-4.99369441978037e-06,-9.810087343739616,-5.684801157590513e-06,0.0,0.0,0.9999988322947498,-0.0005503156799905765,7.794254490152756e-06,-0.001425658106941087
0.2910000000000002,0.5154234215207254,0.17711061226202812,0.2527958584818325,0.013086412736124634,0.3486074451886547,-0.007537750159761687,-2.954227838053436e-06,-9.810087504230069,-6.398236974958227e-06,0.0,0.0,0.9999988214881773,-0.0005450819358021726,7.955315767279853e-06,-0.0014352158903104032
0.2920000000000002,0.515436507932982,0.17744940961903938,0.2527883207249703,0.013086412256604016,0.3387973570112501,-0.0075377568622041775,-4.795206176577693e-07,-9.81008817740464,-6.7024424907705105e-06,0.0,0.0,0.9999988105628508,-0.0005398481905497603,8.116469260942343e-06,-0.0014447736628481038
0.2930000000000002,0.5154495943367771,0.17777839689226943,0.25278078296405926,0.013086403795019812,0.328987273230054,-0.007537760911039668,-8.461584204144668e-06,-9.810083781196077,-4.048835490835789e-06,0.0,0.0,0.9999987995187197,-0.0005346144537958851,8.277616595468914e-06,-0.001454331456542491
0.2940000000000002,0.5154626807353351,0.1780975740785114,0.25277324519705935,0.013086398558056564,0.31917718624198127,-0.007537766999908136,-5.236963248472781e-06,-9.81008698807273,-6.0888684675838856e-06,0.0,0.0,0.9999987883558331,-0.0005293807155451168,8.438815293305603e-06,-0.0014638892408401832
0.2950000000000002,0.5154757671302365,0.17840694117815917,0.25276570742392035,0.013086394901350006,0.30936709964775544,-0.007537773138972461,-3.6567065573450686e-06,-9.810086594225831,-6.139064325470789e-06,0.0,0.0,0.9999987770741738,-0.0005241469813339413,8.600065411141041e-06,-0.0014734470255398958
0.2960000000000002,0.515488853525368,0.17870649818838888,0.25275816964330383,0.013086395131528417,0.29955701022970704,-0.007537780616542611,2.3017841105366088e-07,-9.810089418048396,-7.477570149877488e-06,0.0,0.0,0.9999987656737479,-0.0005189132452720722,8.761434151218419e-06,-0.0014830048082448177
0.2970000000000002,0.5155019399121978,0.17899624511541862,0.2527506318587997,0.013086386829867808,0.2897469270297282,-0.007537784504118212,-8.301660608944772e-06,-9.810083199978836,-3.887575600845794e-06,0.0,0.0,0.9999987541545473,-0.0005136795127999244,8.922792207247117e-06,-0.00149256259323621
0.2980000000000002,0.5155150262955133,0.17927618195390915,0.25274309407000556,0.013086383315410927,0.2799368384905448,-0.007537788794121821,-3.5144568817646604e-06,-9.810088539183415,-4.2900036092974325e-06,0.0,0.0,0.9999987425165754,-0.0005084457802997341,9.084218911867859e-06,-0.0015021203790340505
0.2990000000000002,0.515528112673358,0.1795463087137554,0.25273555627782324,0.013086377844650826,0.2701267598462579,-0.007537792182316582,-5.470760100143024e-06,-9.810078644286902,-3.388194760346741e-06,0.0,0.0,0.9999987307598435,-0.0005032120479903828,9.245687291283966e-06,-0.0015116781581779124
0.3000000000000002,0.5155411990469204,0.17980662537408135,0.2527280184691087,0.013086373562404942,0.2603166603259493,-0.007537808714544129,-4.282245884279501e-06,-9.81009952030859,-1.653222754700867e-05,0.0,0.0,0.9999987188843187,-0.0004979783270071565,9.40720130878679e-06,-0.001521235948682299
0.3010000000000002,0.5155542854177972,0.18005713195361042,0.2527204806609742,0.013086370876799258,0.25050657952906985,-0.0075378081344982095,-2.685605684019099e-06,-9.81008079687945,5.800459192822904e-07,0.0,0.0,0.999998706890033,-0.0004927446026554094,9.5687842628784e-06,-0.001530793734231847
0.3020000000000002,0.5155673717871595,0.18029782844570405,0.25271294284567397,0.013086369362261173,0.2406964920936304,-0.007537815300204342,-1.5145380852232826e-06,-9.810087435439458,-7.165706132628014e-06,0.0,0.0,0.9999986947769792,-0.00048751087972683795,9.73044660452054e-06,-0.0015403515178321538
